case_name,segment_name,weight_N,speed_mps,altitude_m,gamma_deg,drag_N,weight_component_along_path_N,required_thrust_level_flight_N,required_thrust_descent_N,available_thrust_N,electric_thrust_proxy_N,net_required_thrust_after_electric_N,thrust_margin_level_flight_N,thrust_margin_descent_N,thrust_margin_change_due_to_descent_N,conclusion_flag,approach_drag_factor,rating,electric_assist_enabled,engine_available_thrust_N,mission_required_thrust_N,mission_thrust_margin_N,unmet_electric_load_Wh
baseline_fixed_cycle_turbofan,approach_landing,771495.2959174783,70.0,250.0,-2.5,74306.91599465297,-33652.15216315901,74306.91599465297,40654.76383149396,75526.42279266262,0.0,40654.76383149396,1219.50679800965,34871.65896116866,33652.15216315901,no_low_margin_in_force_balance,0.75,approach,False,75526.42279266262,180137.97816885565,-104611.55537619304,0.0
baseline_fixed_cycle_turbofan,approach_landing,771495.2959174783,70.0,250.0,-2.5,74306.91599465297,-33652.15216315901,74306.91599465297,40654.76383149396,189895.00587869462,0.0,40654.76383149396,115588.08988404165,149240.24204720065,33652.152163159,no_low_margin_in_force_balance,0.75,climb,False,189895.00587869462,180137.97816885565,-104611.55537619304,0.0
baseline_fixed_cycle_turbofan,approach_landing,771495.2959174783,70.0,250.0,-2.5,99075.88799287063,-33652.15216315901,99075.88799287063,65423.73582971162,75526.42279266262,0.0,65423.73582971162,-23549.46520020801,10102.686962950997,33652.15216315901,constraint_sensitive_to_approach_model,1.0,approach,False,75526.42279266262,180137.97816885565,-104611.55537619304,0.0
baseline_fixed_cycle_turbofan,approach_landing,771495.2959174783,70.0,250.0,-2.5,99075.88799287063,-33652.15216315901,99075.88799287063,65423.73582971162,189895.00587869462,0.0,65423.73582971162,90819.11788582399,124471.27004898299,33652.152163159,no_low_margin_in_force_balance,1.0,climb,False,189895.00587869462,180137.97816885565,-104611.55537619304,0.0
baseline_fixed_cycle_turbofan,approach_landing,771495.2959174783,70.0,250.0,-2.5,123844.85999108829,-33652.15216315901,123844.85999108829,90192.70782792929,75526.42279266262,0.0,90192.70782792929,-48318.43719842567,-14666.285035266672,33652.152163159,sizing_or_schedule_issue,1.25,approach,False,75526.42279266262,180137.97816885565,-104611.55537619304,0.0
baseline_fixed_cycle_turbofan,approach_landing,771495.2959174783,70.0,250.0,-2.5,123844.85999108829,-33652.15216315901,123844.85999108829,90192.70782792929,189895.00587869462,0.0,90192.70782792929,66050.14588760633,99702.29805076533,33652.152163159,no_low_margin_in_force_balance,1.25,climb,False,189895.00587869462,180137.97816885565,-104611.55537619304,0.0
baseline_fixed_cycle_turbofan,approach_landing,771495.2959174783,70.0,250.0,-3.0,74306.91599465297,-40376.944048774145,74306.91599465297,33929.971945878824,75526.42279266262,0.0,33929.971945878824,1219.50679800965,41596.450846783795,40376.944048774145,no_low_margin_in_force_balance,0.75,approach,False,75526.42279266262,180137.97816885565,-104611.55537619304,0.0
baseline_fixed_cycle_turbofan,approach_landing,771495.2959174783,70.0,250.0,-3.0,74306.91599465297,-40376.944048774145,74306.91599465297,33929.971945878824,189895.00587869462,0.0,33929.971945878824,115588.08988404165,155965.0339328158,40376.94404877415,no_low_margin_in_force_balance,0.75,climb,False,189895.00587869462,180137.97816885565,-104611.55537619304,0.0
baseline_fixed_cycle_turbofan,approach_landing,771495.2959174783,70.0,250.0,-3.0,99075.88799287063,-40376.944048774145,99075.88799287063,58698.943944096485,75526.42279266262,0.0,58698.943944096485,-23549.46520020801,16827.478848566134,40376.944048774145,constraint_sensitive_to_approach_model,1.0,approach,False,75526.42279266262,180137.97816885565,-104611.55537619304,0.0
baseline_fixed_cycle_turbofan,approach_landing,771495.2959174783,70.0,250.0,-3.0,99075.88799287063,-40376.944048774145,99075.88799287063,58698.943944096485,189895.00587869462,0.0,58698.943944096485,90819.11788582399,131196.06193459814,40376.94404877415,no_low_margin_in_force_balance,1.0,climb,False,189895.00587869462,180137.97816885565,-104611.55537619304,0.0
baseline_fixed_cycle_turbofan,approach_landing,771495.2959174783,70.0,250.0,-3.0,123844.85999108829,-40376.944048774145,123844.85999108829,83467.91594231414,75526.42279266262,0.0,83467.91594231414,-48318.43719842567,-7941.49314965152,40376.94404877415,sizing_or_schedule_issue,1.25,approach,False,75526.42279266262,180137.97816885565,-104611.55537619304,0.0
baseline_fixed_cycle_turbofan,approach_landing,771495.2959174783,70.0,250.0,-3.0,123844.85999108829,-40376.944048774145,123844.85999108829,83467.91594231414,189895.00587869462,0.0,83467.91594231414,66050.14588760633,106427.08993638048,40376.94404877415,no_low_margin_in_force_balance,1.25,climb,False,189895.00587869462,180137.97816885565,-104611.55537619304,0.0
baseline_fixed_cycle_turbofan,approach_landing,771495.2959174783,70.0,250.0,-3.5,74306.91599465297,-47098.661073774274,74306.91599465297,27208.254920878695,75526.42279266262,0.0,27208.254920878695,1219.50679800965,48318.167871783924,47098.661073774274,no_low_margin_in_force_balance,0.75,approach,False,75526.42279266262,180137.97816885565,-104611.55537619304,0.0
baseline_fixed_cycle_turbofan,approach_landing,771495.2959174783,70.0,250.0,-3.5,74306.91599465297,-47098.661073774274,74306.91599465297,27208.254920878695,189895.00587869462,0.0,27208.254920878695,115588.08988404165,162686.7509578159,47098.66107377426,no_low_margin_in_force_balance,0.75,climb,False,189895.00587869462,180137.97816885565,-104611.55537619304,0.0
baseline_fixed_cycle_turbofan,approach_landing,771495.2959174783,70.0,250.0,-3.5,99075.88799287063,-47098.661073774274,99075.88799287063,51977.226919096356,75526.42279266262,0.0,51977.226919096356,-23549.46520020801,23549.195873566263,47098.661073774274,constraint_sensitive_to_approach_model,1.0,approach,False,75526.42279266262,180137.97816885565,-104611.55537619304,0.0
baseline_fixed_cycle_turbofan,approach_landing,771495.2959174783,70.0,250.0,-3.5,99075.88799287063,-47098.661073774274,99075.88799287063,51977.226919096356,189895.00587869462,0.0,51977.226919096356,90819.11788582399,137917.77895959828,47098.66107377429,no_low_margin_in_force_balance,1.0,climb,False,189895.00587869462,180137.97816885565,-104611.55537619304,0.0
baseline_fixed_cycle_turbofan,approach_landing,771495.2959174783,70.0,250.0,-3.5,123844.85999108829,-47098.661073774274,123844.85999108829,76746.19891731402,75526.42279266262,0.0,76746.19891731402,-48318.43719842567,-1219.7761246513983,47098.661073774274,sizing_or_schedule_issue,1.25,approach,False,75526.42279266262,180137.97816885565,-104611.55537619304,0.0
baseline_fixed_cycle_turbofan,approach_landing,771495.2959174783,70.0,250.0,-3.5,123844.85999108829,-47098.661073774274,123844.85999108829,76746.19891731402,189895.00587869462,0.0,76746.19891731402,66050.14588760633,113148.8069613806,47098.661073774274,no_low_margin_in_force_balance,1.25,climb,False,189895.00587869462,180137.97816885565,-104611.55537619304,0.0
adaptive_cycle_turbofan,approach_landing,769775.8503153378,70.0,250.0,-2.5,74124.78184294119,-33577.15099938562,74124.78184294119,40547.63084355556,76715.96395164705,0.0,40547.63084355556,2591.1821087058634,36168.33310809149,33577.15099938562,no_low_margin_in_force_balance,0.75,approach,False,76715.96395164705,179696.44083137257,-102980.47687972552,0.0
adaptive_cycle_turbofan,approach_landing,769775.8503153378,70.0,250.0,-2.5,74124.78184294119,-33577.15099938562,74124.78184294119,40547.63084355556,194547.43352272263,0.0,40547.63084355556,120422.65167978144,153999.80267916707,33577.15099938563,no_low_margin_in_force_balance,0.75,climb,False,194547.43352272263,179696.44083137257,-102980.47687972552,0.0
adaptive_cycle_turbofan,approach_landing,769775.8503153378,70.0,250.0,-2.5,98833.04245725492,-33577.15099938562,98833.04245725492,65255.8914578693,76715.96395164705,0.0,65255.8914578693,-22117.078505607875,11460.072493777749,33577.15099938562,constraint_sensitive_to_approach_model,1.0,approach,False,76715.96395164705,179696.44083137257,-102980.47687972552,0.0
adaptive_cycle_turbofan,approach_landing,769775.8503153378,70.0,250.0,-2.5,98833.04245725492,-33577.15099938562,98833.04245725492,65255.8914578693,194547.43352272263,0.0,65255.8914578693,95714.3910654677,129291.54206485333,33577.15099938563,no_low_margin_in_force_balance,1.0,climb,False,194547.43352272263,179696.44083137257,-102980.47687972552,0.0
adaptive_cycle_turbofan,approach_landing,769775.8503153378,70.0,250.0,-2.5,123541.30307156866,-33577.15099938562,123541.30307156866,89964.15207218303,76715.96395164705,0.0,89964.15207218303,-46825.33911992161,-13248.188120535982,33577.15099938563,sizing_or_schedule_issue,1.25,approach,False,76715.96395164705,179696.44083137257,-102980.47687972552,0.0
adaptive_cycle_turbofan,approach_landing,769775.8503153378,70.0,250.0,-2.5,123541.30307156866,-33577.15099938562,123541.30307156866,89964.15207218303,194547.43352272263,0.0,89964.15207218303,71006.13045115396,104583.2814505396,33577.15099938563,no_low_margin_in_force_balance,1.25,climb,False,194547.43352272263,179696.44083137257,-102980.47687972552,0.0
adaptive_cycle_turbofan,approach_landing,769775.8503153378,70.0,250.0,-3.0,74124.78184294119,-40286.9552189784,74124.78184294119,33837.826623962785,76715.96395164705,0.0,33837.826623962785,2591.1821087058634,42878.137327684264,40286.9552189784,no_low_margin_in_force_balance,0.75,approach,False,76715.96395164705,179696.44083137257,-102980.47687972552,0.0
adaptive_cycle_turbofan,approach_landing,769775.8503153378,70.0,250.0,-3.0,74124.78184294119,-40286.9552189784,74124.78184294119,33837.826623962785,194547.43352272263,0.0,33837.826623962785,120422.65167978144,160709.60689875984,40286.9552189784,no_low_margin_in_force_balance,0.75,climb,False,194547.43352272263,179696.44083137257,-102980.47687972552,0.0
adaptive_cycle_turbofan,approach_landing,769775.8503153378,70.0,250.0,-3.0,98833.04245725492,-40286.9552189784,98833.04245725492,58546.08723827652,76715.96395164705,0.0,58546.08723827652,-22117.078505607875,18169.876713370526,40286.9552189784,constraint_sensitive_to_approach_model,1.0,approach,False,76715.96395164705,179696.44083137257,-102980.47687972552,0.0
adaptive_cycle_turbofan,approach_landing,769775.8503153378,70.0,250.0,-3.0,98833.04245725492,-40286.9552189784,98833.04245725492,58546.08723827652,194547.43352272263,0.0,58546.08723827652,95714.3910654677,136001.3462844461,40286.9552189784,no_low_margin_in_force_balance,1.0,climb,False,194547.43352272263,179696.44083137257,-102980.47687972552,0.0
adaptive_cycle_turbofan,approach_landing,769775.8503153378,70.0,250.0,-3.0,123541.30307156866,-40286.9552189784,123541.30307156866,83254.34785259026,76715.96395164705,0.0,83254.34785259026,-46825.33911992161,-6538.383900943212,40286.9552189784,sizing_or_schedule_issue,1.25,approach,False,76715.96395164705,179696.44083137257,-102980.47687972552,0.0
adaptive_cycle_turbofan,approach_landing,769775.8503153378,70.0,250.0,-3.0,123541.30307156866,-40286.9552189784,123541.30307156866,83254.34785259026,194547.43352272263,0.0,83254.34785259026,71006.13045115396,111293.08567013236,40286.9552189784,no_low_margin_in_force_balance,1.25,climb,False,194547.43352272263,179696.44083137257,-102980.47687972552,0.0
adaptive_cycle_turbofan,approach_landing,769775.8503153378,70.0,250.0,-3.5,74124.78184294119,-46993.691430953964,74124.78184294119,27131.09041198722,76715.96395164705,0.0,27131.09041198722,2591.1821087058634,49584.87353965983,46993.691430953964,no_low_margin_in_force_balance,0.75,approach,False,76715.96395164705,179696.44083137257,-102980.47687972552,0.0
adaptive_cycle_turbofan,approach_landing,769775.8503153378,70.0,250.0,-3.5,74124.78184294119,-46993.691430953964,74124.78184294119,27131.09041198722,194547.43352272263,0.0,27131.09041198722,120422.65167978144,167416.3431107354,46993.69143095397,no_low_margin_in_force_balance,0.75,climb,False,194547.43352272263,179696.44083137257,-102980.47687972552,0.0
adaptive_cycle_turbofan,approach_landing,769775.8503153378,70.0,250.0,-3.5,98833.04245725492,-46993.691430953964,98833.04245725492,51839.35102630096,76715.96395164705,0.0,51839.35102630096,-22117.078505607875,24876.61292534609,46993.691430953964,constraint_sensitive_to_approach_model,1.0,approach,False,76715.96395164705,179696.44083137257,-102980.47687972552,0.0
adaptive_cycle_turbofan,approach_landing,769775.8503153378,70.0,250.0,-3.5,98833.04245725492,-46993.691430953964,98833.04245725492,51839.35102630096,194547.43352272263,0.0,51839.35102630096,95714.3910654677,142708.08249642167,46993.69143095397,no_low_margin_in_force_balance,1.0,climb,False,194547.43352272263,179696.44083137257,-102980.47687972552,0.0
adaptive_cycle_turbofan,approach_landing,769775.8503153378,70.0,250.0,-3.5,123541.30307156866,-46993.691430953964,123541.30307156866,76547.61164061469,76715.96395164705,0.0,76547.61164061469,-46825.33911992161,168.35231103235856,46993.69143095397,constraint_sensitive_to_approach_model,1.25,approach,False,76715.96395164705,179696.44083137257,-102980.47687972552,0.0
adaptive_cycle_turbofan,approach_landing,769775.8503153378,70.0,250.0,-3.5,123541.30307156866,-46993.691430953964,123541.30307156866,76547.61164061469,194547.43352272263,0.0,76547.61164061469,71006.13045115396,117999.82188210794,46993.69143095397,no_low_margin_in_force_balance,1.25,climb,False,194547.43352272263,179696.44083137257,-102980.47687972552,0.0
adaptive_cycle_plus_hybrid_electric,approach_landing,811361.5502142791,70.0,250.0,-2.5,81959.34184813855,-35391.093752136156,81959.34184813855,46568.24809600239,76715.96395164705,0.0,46568.24809600239,-5243.377896491496,30147.71585564466,35391.093752136156,constraint_sensitive_to_approach_model,0.75,approach,False,76715.96395164705,198689.31357124491,-146505.56341178864,287117.0432304107
adaptive_cycle_plus_hybrid_electric,approach_landing,811361.5502142791,70.0,250.0,-2.5,81959.34184813855,-35391.093752136156,81959.34184813855,46568.24809600239,52183.75015945631,17683.253955191904,28884.994140810486,-29775.591688682238,5615.502063453918,35391.093752136156,constraint_sensitive_to_approach_model,0.75,approach,True,34500.496204264404,198689.31357124491,-146505.56341178864,287117.0432304107
adaptive_cycle_plus_hybrid_electric,approach_landing,811361.5502142791,70.0,250.0,-2.5,81959.34184813855,-35391.093752136156,81959.34184813855,46568.24809600239,194547.43352272263,0.0,46568.24809600239,112588.09167458408,147979.18542672024,35391.09375213616,no_low_margin_in_force_balance,0.75,climb,False,194547.43352272263,198689.31357124491,-146505.56341178864,287117.0432304107
adaptive_cycle_plus_hybrid_electric,approach_landing,811361.5502142791,70.0,250.0,-2.5,81959.34184813855,-35391.093752136156,81959.34184813855,46568.24809600239,170015.21973053188,17683.253955191904,28884.994140810486,88055.87788239334,123446.9716345295,35391.09375213616,no_low_margin_in_force_balance,0.75,climb,True,152331.96577533998,198689.31357124491,-146505.56341178864,287117.0432304107
adaptive_cycle_plus_hybrid_electric,approach_landing,811361.5502142791,70.0,250.0,-2.5,109279.12246418472,-35391.093752136156,109279.12246418472,73888.02871204857,76715.96395164705,0.0,73888.02871204857,-32563.158512537673,2827.935239598475,35391.09375213615,constraint_sensitive_to_approach_model,1.0,approach,False,76715.96395164705,198689.31357124491,-146505.56341178864,287117.0432304107
adaptive_cycle_plus_hybrid_electric,approach_landing,811361.5502142791,70.0,250.0,-2.5,109279.12246418472,-35391.093752136156,109279.12246418472,73888.02871204857,52183.75015945631,17683.253955191904,56204.77475685667,-57095.372304728415,-21704.278552592266,35391.09375213615,sizing_or_schedule_issue,1.0,approach,True,34500.496204264404,198689.31357124491,-146505.56341178864,287117.0432304107
adaptive_cycle_plus_hybrid_electric,approach_landing,811361.5502142791,70.0,250.0,-2.5,109279.12246418472,-35391.093752136156,109279.12246418472,73888.02871204857,194547.43352272263,0.0,73888.02871204857,85268.3110585379,120659.40481067405,35391.09375213615,no_low_margin_in_force_balance,1.0,climb,False,194547.43352272263,198689.31357124491,-146505.56341178864,287117.0432304107
adaptive_cycle_plus_hybrid_electric,approach_landing,811361.5502142791,70.0,250.0,-2.5,109279.12246418472,-35391.093752136156,109279.12246418472,73888.02871204857,170015.21973053188,17683.253955191904,56204.77475685667,60736.09726634716,96127.19101848331,35391.09375213615,no_low_margin_in_force_balance,1.0,climb,True,152331.96577533998,198689.31357124491,-146505.56341178864,287117.0432304107
adaptive_cycle_plus_hybrid_electric,approach_landing,811361.5502142791,70.0,250.0,-2.5,136598.9030802309,-35391.093752136156,136598.9030802309,101207.80932809474,76715.96395164705,0.0,101207.80932809474,-59882.93912858385,-24491.845376447687,35391.09375213616,sizing_or_schedule_issue,1.25,approach,False,76715.96395164705,198689.31357124491,-146505.56341178864,287117.0432304107
adaptive_cycle_plus_hybrid_electric,approach_landing,811361.5502142791,70.0,250.0,-2.5,136598.9030802309,-35391.093752136156,136598.9030802309,101207.80932809474,52183.75015945631,17683.253955191904,83524.55537290283,-84415.15292077459,-49024.05916863843,35391.09375213616,sizing_or_schedule_issue,1.25,approach,True,34500.496204264404,198689.31357124491,-146505.56341178864,287117.0432304107
adaptive_cycle_plus_hybrid_electric,approach_landing,811361.5502142791,70.0,250.0,-2.5,136598.9030802309,-35391.093752136156,136598.9030802309,101207.80932809474,194547.43352272263,0.0,101207.80932809474,57948.53044249173,93339.62419462789,35391.09375213616,no_low_margin_in_force_balance,1.25,climb,False,194547.43352272263,198689.31357124491,-146505.56341178864,287117.0432304107
adaptive_cycle_plus_hybrid_electric,approach_landing,811361.5502142791,70.0,250.0,-2.5,136598.9030802309,-35391.093752136156,136598.9030802309,101207.80932809474,170015.21973053188,17683.253955191904,83524.55537290283,33416.316650300985,68807.41040243715,35391.09375213616,no_low_margin_in_force_balance,1.25,climb,True,152331.96577533998,198689.31357124491,-146505.56341178864,287117.0432304107
adaptive_cycle_plus_hybrid_electric,approach_landing,811361.5502142791,70.0,250.0,-3.0,81959.34184813855,-42463.38258922159,81959.34184813855,39495.959258916955,76715.96395164705,0.0,39495.959258916955,-5243.377896491496,37220.004692730094,42463.38258922159,constraint_sensitive_to_approach_model,0.75,approach,False,76715.96395164705,198689.31357124491,-146505.56341178864,287117.0432304107
adaptive_cycle_plus_hybrid_electric,approach_landing,811361.5502142791,70.0,250.0,-3.0,81959.34184813855,-42463.38258922159,81959.34184813855,39495.959258916955,52183.75015945631,17683.253955191904,21812.70530372505,-29775.591688682238,12687.790900539352,42463.38258922159,constraint_sensitive_to_approach_model,0.75,approach,True,34500.496204264404,198689.31357124491,-146505.56341178864,287117.0432304107
adaptive_cycle_plus_hybrid_electric,approach_landing,811361.5502142791,70.0,250.0,-3.0,81959.34184813855,-42463.38258922159,81959.34184813855,39495.959258916955,194547.43352272263,0.0,39495.959258916955,112588.09167458408,155051.47426380566,42463.38258922158,no_low_margin_in_force_balance,0.75,climb,False,194547.43352272263,198689.31357124491,-146505.56341178864,287117.0432304107
adaptive_cycle_plus_hybrid_electric,approach_landing,811361.5502142791,70.0,250.0,-3.0,81959.34184813855,-42463.38258922159,81959.34184813855,39495.959258916955,170015.21973053188,17683.253955191904,21812.70530372505,88055.87788239334,130519.26047161492,42463.38258922158,no_low_margin_in_force_balance,0.75,climb,True,152331.96577533998,198689.31357124491,-146505.56341178864,287117.0432304107
adaptive_cycle_plus_hybrid_electric,approach_landing,811361.5502142791,70.0,250.0,-3.0,109279.12246418472,-42463.38258922159,109279.12246418472,66815.73987496312,76715.96395164705,0.0,66815.73987496312,-32563.158512537673,9900.224076683924,42463.3825892216,constraint_sensitive_to_approach_model,1.0,approach,False,76715.96395164705,198689.31357124491,-146505.56341178864,287117.0432304107
adaptive_cycle_plus_hybrid_electric,approach_landing,811361.5502142791,70.0,250.0,-3.0,109279.12246418472,-42463.38258922159,109279.12246418472,66815.73987496312,52183.75015945631,17683.253955191904,49132.48591977122,-57095.372304728415,-14631.989715506817,42463.3825892216,sizing_or_schedule_issue,1.0,approach,True,34500.496204264404,198689.31357124491,-146505.56341178864,287117.0432304107
adaptive_cycle_plus_hybrid_electric,approach_landing,811361.5502142791,70.0,250.0,-3.0,109279.12246418472,-42463.38258922159,109279.12246418472,66815.73987496312,194547.43352272263,0.0,66815.73987496312,85268.3110585379,127731.6936477595,42463.3825892216,no_low_margin_in_force_balance,1.0,climb,False,194547.43352272263,198689.31357124491,-146505.56341178864,287117.0432304107
adaptive_cycle_plus_hybrid_electric,approach_landing,811361.5502142791,70.0,250.0,-3.0,109279.12246418472,-42463.38258922159,109279.12246418472,66815.73987496312,170015.21973053188,17683.253955191904,49132.48591977122,60736.09726634716,103199.47985556876,42463.3825892216,no_low_margin_in_force_balance,1.0,climb,True,152331.96577533998,198689.31357124491,-146505.56341178864,287117.0432304107
adaptive_cycle_plus_hybrid_electric,approach_landing,811361.5502142791,70.0,250.0,-3.0,136598.9030802309,-42463.38258922159,136598.9030802309,94135.52049100932,76715.96395164705,0.0,94135.52049100932,-59882.93912858385,-17419.556539362267,42463.38258922158,sizing_or_schedule_issue,1.25,approach,False,76715.96395164705,198689.31357124491,-146505.56341178864,287117.0432304107
adaptive_cycle_plus_hybrid_electric,approach_landing,811361.5502142791,70.0,250.0,-3.0,136598.9030802309,-42463.38258922159,136598.9030802309,94135.52049100932,52183.75015945631,17683.253955191904,76452.26653581741,-84415.15292077459,-41951.77033155301,42463.38258922158,sizing_or_schedule_issue,1.25,approach,True,34500.496204264404,198689.31357124491,-146505.56341178864,287117.0432304107
adaptive_cycle_plus_hybrid_electric,approach_landing,811361.5502142791,70.0,250.0,-3.0,136598.9030802309,-42463.38258922159,136598.9030802309,94135.52049100932,194547.43352272263,0.0,94135.52049100932,57948.53044249173,100411.91303171331,42463.38258922158,no_low_margin_in_force_balance,1.25,climb,False,194547.43352272263,198689.31357124491,-146505.56341178864,287117.0432304107
adaptive_cycle_plus_hybrid_electric,approach_landing,811361.5502142791,70.0,250.0,-3.0,136598.9030802309,-42463.38258922159,136598.9030802309,94135.52049100932,170015.21973053188,17683.253955191904,76452.26653581741,33416.316650300985,75879.69923952257,42463.38258922158,no_low_margin_in_force_balance,1.25,climb,True,152331.96577533998,198689.31357124491,-146505.56341178864,287117.0432304107
adaptive_cycle_plus_hybrid_electric,approach_landing,811361.5502142791,70.0,250.0,-3.5,81959.34184813855,-49532.437675319175,81959.34184813855,32426.90417281937,76715.96395164705,0.0,32426.90417281937,-5243.377896491496,44289.05977882768,49532.437675319175,constraint_sensitive_to_approach_model,0.75,approach,False,76715.96395164705,198689.31357124491,-146505.56341178864,287117.0432304107
adaptive_cycle_plus_hybrid_electric,approach_landing,811361.5502142791,70.0,250.0,-3.5,81959.34184813855,-49532.437675319175,81959.34184813855,32426.90417281937,52183.75015945631,17683.253955191904,14743.650217627466,-29775.591688682238,19756.845986636938,49532.437675319175,constraint_sensitive_to_approach_model,0.75,approach,True,34500.496204264404,198689.31357124491,-146505.56341178864,287117.0432304107
adaptive_cycle_plus_hybrid_electric,approach_landing,811361.5502142791,70.0,250.0,-3.5,81959.34184813855,-49532.437675319175,81959.34184813855,32426.90417281937,194547.43352272263,0.0,32426.90417281937,112588.09167458408,162120.52934990326,49532.437675319175,no_low_margin_in_force_balance,0.75,climb,False,194547.43352272263,198689.31357124491,-146505.56341178864,287117.0432304107
adaptive_cycle_plus_hybrid_electric,approach_landing,811361.5502142791,70.0,250.0,-3.5,81959.34184813855,-49532.437675319175,81959.34184813855,32426.90417281937,170015.21973053188,17683.253955191904,14743.650217627466,88055.87788239334,137588.3155577125,49532.437675319175,no_low_margin_in_force_balance,0.75,climb,True,152331.96577533998,198689.31357124491,-146505.56341178864,287117.0432304107
adaptive_cycle_plus_hybrid_electric,approach_landing,811361.5502142791,70.0,250.0,-3.5,109279.12246418472,-49532.437675319175,109279.12246418472,59746.68478886555,76715.96395164705,0.0,59746.68478886555,-32563.158512537673,16969.279162781502,49532.437675319175,constraint_sensitive_to_approach_model,1.0,approach,False,76715.96395164705,198689.31357124491,-146505.56341178864,287117.0432304107
adaptive_cycle_plus_hybrid_electric,approach_landing,811361.5502142791,70.0,250.0,-3.5,109279.12246418472,-49532.437675319175,109279.12246418472,59746.68478886555,52183.75015945631,17683.253955191904,42063.43083367364,-57095.372304728415,-7562.934629409239,49532.437675319175,sizing_or_schedule_issue,1.0,approach,True,34500.496204264404,198689.31357124491,-146505.56341178864,287117.0432304107
adaptive_cycle_plus_hybrid_electric,approach_landing,811361.5502142791,70.0,250.0,-3.5,109279.12246418472,-49532.437675319175,109279.12246418472,59746.68478886555,194547.43352272263,0.0,59746.68478886555,85268.3110585379,134800.74873385706,49532.43767531916,no_low_margin_in_force_balance,1.0,climb,False,194547.43352272263,198689.31357124491,-146505.56341178864,287117.0432304107
adaptive_cycle_plus_hybrid_electric,approach_landing,811361.5502142791,70.0,250.0,-3.5,109279.12246418472,-49532.437675319175,109279.12246418472,59746.68478886555,170015.21973053188,17683.253955191904,42063.43083367364,60736.09726634716,110268.53494166634,49532.437675319175,no_low_margin_in_force_balance,1.0,climb,True,152331.96577533998,198689.31357124491,-146505.56341178864,287117.0432304107
adaptive_cycle_plus_hybrid_electric,approach_landing,811361.5502142791,70.0,250.0,-3.5,136598.9030802309,-49532.437675319175,136598.9030802309,87066.46540491172,76715.96395164705,0.0,87066.46540491172,-59882.93912858385,-10350.501453264675,49532.437675319175,sizing_or_schedule_issue,1.25,approach,False,76715.96395164705,198689.31357124491,-146505.56341178864,287117.0432304107
adaptive_cycle_plus_hybrid_electric,approach_landing,811361.5502142791,70.0,250.0,-3.5,136598.9030802309,-49532.437675319175,136598.9030802309,87066.46540491172,52183.75015945631,17683.253955191904,69383.21144971982,-84415.15292077459,-34882.715245455416,49532.437675319175,sizing_or_schedule_issue,1.25,approach,True,34500.496204264404,198689.31357124491,-146505.56341178864,287117.0432304107
adaptive_cycle_plus_hybrid_electric,approach_landing,811361.5502142791,70.0,250.0,-3.5,136598.9030802309,-49532.437675319175,136598.9030802309,87066.46540491172,194547.43352272263,0.0,87066.46540491172,57948.53044249173,107480.9681178109,49532.437675319175,no_low_margin_in_force_balance,1.25,climb,False,194547.43352272263,198689.31357124491,-146505.56341178864,287117.0432304107
adaptive_cycle_plus_hybrid_electric,approach_landing,811361.5502142791,70.0,250.0,-3.5,136598.9030802309,-49532.437675319175,136598.9030802309,87066.46540491172,170015.21973053188,17683.253955191904,69383.21144971982,33416.316650300985,82948.75432562016,49532.437675319175,no_low_margin_in_force_balance,1.25,climb,True,152331.96577533998,198689.31357124491,-146505.56341178864,287117.0432304107
