case_id,propulsion_case,changed_parameter,changed_value,non_approach_limiting_segment,non_approach_min_thrust_margin_N,non_approach_low_thrust_margin,suspected_driver
V05-0001_baseline,baseline_fixed_cycle_turbofan,baseline,baseline,descent,-39897.2915536737,True,descent_surrogate_idle_drag_balance
V05-0001_adaptive,adaptive_cycle_turbofan,baseline,baseline,descent,-39823.36356221416,True,descent_surrogate_idle_drag_balance
V05-0001_hybrid,adaptive_cycle_plus_hybrid_electric,baseline,baseline,descent,-41330.10106467904,True,descent_surrogate_idle_drag_balance
V05-0002_baseline,baseline_fixed_cycle_turbofan,sea_level_static_thrust_N_per_engine,130000.0,descent,-38233.538181132215,True,descent_surrogate_idle_drag_balance
V05-0002_adaptive,adaptive_cycle_turbofan,sea_level_static_thrust_N_per_engine,130000.0,descent,-38152.16857649371,True,descent_surrogate_idle_drag_balance
V05-0002_hybrid,adaptive_cycle_plus_hybrid_electric,sea_level_static_thrust_N_per_engine,130000.0,descent,-39660.810574126815,True,descent_surrogate_idle_drag_balance
V05-0003_baseline,baseline_fixed_cycle_turbofan,sea_level_static_thrust_N_per_engine,150000.0,descent,-35981.59780710242,True,descent_surrogate_idle_drag_balance
V05-0003_adaptive,adaptive_cycle_turbofan,sea_level_static_thrust_N_per_engine,150000.0,descent,-35889.251551345245,True,descent_surrogate_idle_drag_balance
V05-0003_hybrid,adaptive_cycle_plus_hybrid_electric,sea_level_static_thrust_N_per_engine,150000.0,descent,-37401.987996387536,True,descent_surrogate_idle_drag_balance
V05-0004_baseline,baseline_fixed_cycle_turbofan,cruise_tsfc_multiplier,0.9,descent,-39860.904733480274,True,descent_surrogate_idle_drag_balance
V05-0004_adaptive,adaptive_cycle_turbofan,cruise_tsfc_multiplier,0.9,descent,-39792.38123827279,True,descent_surrogate_idle_drag_balance
V05-0004_hybrid,adaptive_cycle_plus_hybrid_electric,cruise_tsfc_multiplier,0.9,descent,-41297.75191748103,True,descent_surrogate_idle_drag_balance
V05-0005_baseline,baseline_fixed_cycle_turbofan,cruise_tsfc_multiplier,1.1,descent,-39933.728111399294,True,descent_surrogate_idle_drag_balance
V05-0005_adaptive,adaptive_cycle_turbofan,cruise_tsfc_multiplier,1.1,descent,-39854.38219237438,True,descent_surrogate_idle_drag_balance
V05-0005_hybrid,adaptive_cycle_plus_hybrid_electric,cruise_tsfc_multiplier,1.1,descent,-41362.484843241036,True,descent_surrogate_idle_drag_balance
V05-0006_baseline,baseline_fixed_cycle_turbofan,cruise_ld,13.0,descent,-39897.2915536737,True,descent_surrogate_idle_drag_balance
V05-0006_adaptive,adaptive_cycle_turbofan,cruise_ld,13.0,descent,-39823.36356221416,True,descent_surrogate_idle_drag_balance
V05-0006_hybrid,adaptive_cycle_plus_hybrid_electric,cruise_ld,13.0,descent,-41330.10106467904,True,descent_surrogate_idle_drag_balance
V05-0007_baseline,baseline_fixed_cycle_turbofan,cruise_ld,15.0,descent,-39897.2915536737,True,descent_surrogate_idle_drag_balance
V05-0007_adaptive,adaptive_cycle_turbofan,cruise_ld,15.0,descent,-39823.36356221416,True,descent_surrogate_idle_drag_balance
V05-0007_hybrid,adaptive_cycle_plus_hybrid_electric,cruise_ld,15.0,descent,-41330.10106467904,True,descent_surrogate_idle_drag_balance
V05-0008_baseline,baseline_fixed_cycle_turbofan,cruise_ld,17.0,descent,-39884.83360130622,True,descent_surrogate_idle_drag_balance
V05-0008_adaptive,adaptive_cycle_turbofan,cruise_ld,17.0,descent,-39808.55751455427,True,descent_surrogate_idle_drag_balance
V05-0008_hybrid,adaptive_cycle_plus_hybrid_electric,cruise_ld,17.0,descent,-41330.9960986534,True,descent_surrogate_idle_drag_balance
V05-0009_baseline,baseline_fixed_cycle_turbofan,cruise_ld,18.0,descent,-39870.64499366417,True,descent_surrogate_idle_drag_balance
V05-0009_adaptive,adaptive_cycle_turbofan,cruise_ld,18.0,descent,-39796.586005933525,True,descent_surrogate_idle_drag_balance
V05-0009_hybrid,adaptive_cycle_plus_hybrid_electric,cruise_ld,18.0,descent,-41312.275521884716,True,descent_surrogate_idle_drag_balance
V05-0010_baseline,baseline_fixed_cycle_turbofan,mtow_upper_kg,87500.0,descent,-39897.2915536737,True,descent_surrogate_idle_drag_balance
V05-0010_adaptive,adaptive_cycle_turbofan,mtow_upper_kg,87500.0,descent,-39823.36356221416,True,descent_surrogate_idle_drag_balance
V05-0010_hybrid,adaptive_cycle_plus_hybrid_electric,mtow_upper_kg,87500.0,descent,-41330.10106467904,True,descent_surrogate_idle_drag_balance
V05-0011_baseline,baseline_fixed_cycle_turbofan,mtow_upper_kg,90000.0,descent,-39897.2915536737,True,descent_surrogate_idle_drag_balance
V05-0011_adaptive,adaptive_cycle_turbofan,mtow_upper_kg,90000.0,descent,-39823.36356221416,True,descent_surrogate_idle_drag_balance
V05-0011_hybrid,adaptive_cycle_plus_hybrid_electric,mtow_upper_kg,90000.0,descent,-41330.10106467904,True,descent_surrogate_idle_drag_balance
V05-0012_baseline,baseline_fixed_cycle_turbofan,total_electric_power_W,0.0,descent,-39897.2915536737,True,descent_surrogate_idle_drag_balance
V05-0012_adaptive,adaptive_cycle_turbofan,total_electric_power_W,0.0,descent,-39823.36356221416,True,descent_surrogate_idle_drag_balance
V05-0012_hybrid,adaptive_cycle_plus_hybrid_electric,total_electric_power_W,0.0,descent,-40954.42536436887,True,descent_surrogate_idle_drag_balance
V05-0013_baseline,baseline_fixed_cycle_turbofan,total_electric_power_W,2000000.0,descent,-39897.2915536737,True,descent_surrogate_idle_drag_balance
V05-0013_adaptive,adaptive_cycle_turbofan,total_electric_power_W,2000000.0,descent,-39823.36356221416,True,descent_surrogate_idle_drag_balance
V05-0013_hybrid,adaptive_cycle_plus_hybrid_electric,total_electric_power_W,2000000.0,descent,-41148.37325285439,True,descent_surrogate_idle_drag_balance
V05-0014_baseline,baseline_fixed_cycle_turbofan,total_electric_power_W,6000000.0,descent,-39897.2915536737,True,descent_surrogate_idle_drag_balance
V05-0014_adaptive,adaptive_cycle_turbofan,total_electric_power_W,6000000.0,descent,-39823.36356221416,True,descent_surrogate_idle_drag_balance
V05-0014_hybrid,adaptive_cycle_plus_hybrid_electric,total_electric_power_W,6000000.0,takeoff,-94120.74726379325,True,takeoff_thrust_or_lift_proxy
V05-0015_baseline,baseline_fixed_cycle_turbofan,total_electric_power_W,8000000.0,descent,-39897.2915536737,True,descent_surrogate_idle_drag_balance
V05-0015_adaptive,adaptive_cycle_turbofan,total_electric_power_W,8000000.0,descent,-39823.36356221416,True,descent_surrogate_idle_drag_balance
V05-0015_hybrid,adaptive_cycle_plus_hybrid_electric,total_electric_power_W,8000000.0,takeoff,-77057.19997620893,True,takeoff_thrust_or_lift_proxy
V05-0016_baseline,baseline_fixed_cycle_turbofan,battery_capacity_Wh,250000.0,descent,-39897.2915536737,True,descent_surrogate_idle_drag_balance
V05-0016_adaptive,adaptive_cycle_turbofan,battery_capacity_Wh,250000.0,descent,-39823.36356221416,True,descent_surrogate_idle_drag_balance
V05-0016_hybrid,adaptive_cycle_plus_hybrid_electric,battery_capacity_Wh,250000.0,descent,-40967.66373910538,True,descent_surrogate_idle_drag_balance
V05-0017_baseline,baseline_fixed_cycle_turbofan,battery_capacity_Wh,1000000.0,descent,-39897.2915536737,True,descent_surrogate_idle_drag_balance
V05-0017_adaptive,adaptive_cycle_turbofan,battery_capacity_Wh,1000000.0,descent,-39823.36356221416,True,descent_surrogate_idle_drag_balance
V05-0017_hybrid,adaptive_cycle_plus_hybrid_electric,battery_capacity_Wh,1000000.0,descent,-42068.16183832049,True,descent_surrogate_idle_drag_balance
V05-0018_baseline,baseline_fixed_cycle_turbofan,max_generator_power_W_total,2000000.0,descent,-39897.2915536737,True,descent_surrogate_idle_drag_balance
V05-0018_adaptive,adaptive_cycle_turbofan,max_generator_power_W_total,2000000.0,descent,-39823.36356221416,True,descent_surrogate_idle_drag_balance
V05-0018_hybrid,adaptive_cycle_plus_hybrid_electric,max_generator_power_W_total,2000000.0,descent,-41332.74771753933,True,descent_surrogate_idle_drag_balance
V05-0019_baseline,baseline_fixed_cycle_turbofan,max_generator_power_W_total,4000000.0,descent,-39897.2915536737,True,descent_surrogate_idle_drag_balance
V05-0019_adaptive,adaptive_cycle_turbofan,max_generator_power_W_total,4000000.0,descent,-39823.36356221416,True,descent_surrogate_idle_drag_balance
V05-0019_hybrid,adaptive_cycle_plus_hybrid_electric,max_generator_power_W_total,4000000.0,takeoff,-51756.53075580331,True,takeoff_thrust_or_lift_proxy
V05-0020_baseline,baseline_fixed_cycle_turbofan,max_generator_power_W_total,8000000.0,descent,-39897.2915536737,True,descent_surrogate_idle_drag_balance
V05-0020_adaptive,adaptive_cycle_turbofan,max_generator_power_W_total,8000000.0,descent,-39823.36356221416,True,descent_surrogate_idle_drag_balance
V05-0020_hybrid,adaptive_cycle_plus_hybrid_electric,max_generator_power_W_total,8000000.0,takeoff,-51756.53075580331,True,takeoff_thrust_or_lift_proxy
V05-0021_baseline,baseline_fixed_cycle_turbofan,hybrid_mass_per_MW_kg,150.0,descent,-39897.2915536737,True,descent_surrogate_idle_drag_balance
V05-0021_adaptive,adaptive_cycle_turbofan,hybrid_mass_per_MW_kg,150.0,descent,-39823.36356221416,True,descent_surrogate_idle_drag_balance
V05-0021_hybrid,adaptive_cycle_plus_hybrid_electric,hybrid_mass_per_MW_kg,150.0,descent,-41184.598689549806,True,descent_surrogate_idle_drag_balance
V05-0022_baseline,baseline_fixed_cycle_turbofan,hybrid_mass_per_MW_kg,400.0,descent,-39897.2915536737,True,descent_surrogate_idle_drag_balance
V05-0022_adaptive,adaptive_cycle_turbofan,hybrid_mass_per_MW_kg,400.0,descent,-39823.36356221416,True,descent_surrogate_idle_drag_balance
V05-0022_hybrid,adaptive_cycle_plus_hybrid_electric,hybrid_mass_per_MW_kg,400.0,descent,-41549.673239622294,True,descent_surrogate_idle_drag_balance
V05-0023_baseline,baseline_fixed_cycle_turbofan,blown_flap_clmax_increment_fraction,0.1,descent,-39897.2915536737,True,descent_surrogate_idle_drag_balance
V05-0023_adaptive,adaptive_cycle_turbofan,blown_flap_clmax_increment_fraction,0.1,descent,-39823.36356221416,True,descent_surrogate_idle_drag_balance
V05-0023_hybrid,adaptive_cycle_plus_hybrid_electric,blown_flap_clmax_increment_fraction,0.1,descent,-41330.10106467904,True,descent_surrogate_idle_drag_balance
V05-0024_baseline,baseline_fixed_cycle_turbofan,blown_flap_clmax_increment_fraction,0.2,descent,-39897.2915536737,True,descent_surrogate_idle_drag_balance
V05-0024_adaptive,adaptive_cycle_turbofan,blown_flap_clmax_increment_fraction,0.2,descent,-39823.36356221416,True,descent_surrogate_idle_drag_balance
V05-0024_hybrid,adaptive_cycle_plus_hybrid_electric,blown_flap_clmax_increment_fraction,0.2,descent,-41330.10106467904,True,descent_surrogate_idle_drag_balance
V05-0025_baseline,baseline_fixed_cycle_turbofan,blown_flap_clmax_increment_fraction,0.4,descent,-39897.2915536737,True,descent_surrogate_idle_drag_balance
V05-0025_adaptive,adaptive_cycle_turbofan,blown_flap_clmax_increment_fraction,0.4,descent,-39823.36356221416,True,descent_surrogate_idle_drag_balance
V05-0025_hybrid,adaptive_cycle_plus_hybrid_electric,blown_flap_clmax_increment_fraction,0.4,descent,-41330.10106467904,True,descent_surrogate_idle_drag_balance
V05-0026_baseline,baseline_fixed_cycle_turbofan,approach_descent_angle_deg,-2.5,descent,-39897.2915536737,True,descent_surrogate_idle_drag_balance
V05-0026_adaptive,adaptive_cycle_turbofan,approach_descent_angle_deg,-2.5,descent,-39823.36356221416,True,descent_surrogate_idle_drag_balance
V05-0026_hybrid,adaptive_cycle_plus_hybrid_electric,approach_descent_angle_deg,-2.5,descent,-41330.10106467904,True,descent_surrogate_idle_drag_balance
V05-0027_baseline,baseline_fixed_cycle_turbofan,approach_descent_angle_deg,-3.5,descent,-39897.2915536737,True,descent_surrogate_idle_drag_balance
V05-0027_adaptive,adaptive_cycle_turbofan,approach_descent_angle_deg,-3.5,descent,-39823.36356221416,True,descent_surrogate_idle_drag_balance
V05-0027_hybrid,adaptive_cycle_plus_hybrid_electric,approach_descent_angle_deg,-3.5,descent,-41330.10106467904,True,descent_surrogate_idle_drag_balance
V05-0028_hybrid,adaptive_cycle_plus_hybrid_electric,selected_grid,battery_capacity_Wh=250000;cruise_ld=15;hybrid_mass_per_MW_kg=150;max_generator_power_W_total=2e+06;sea_level_static_thrust_N_per_engine=115000;total_electric_power_W=0,descent,-40596.11857131867,True,descent_surrogate_idle_drag_balance
V05-0029_hybrid,adaptive_cycle_plus_hybrid_electric,selected_grid,battery_capacity_Wh=250000;cruise_ld=15;hybrid_mass_per_MW_kg=400;max_generator_power_W_total=2e+06;sea_level_static_thrust_N_per_engine=115000;total_electric_power_W=0,descent,-40596.11857131867,True,descent_surrogate_idle_drag_balance
V05-0030_hybrid,adaptive_cycle_plus_hybrid_electric,selected_grid,battery_capacity_Wh=250000;cruise_ld=15;hybrid_mass_per_MW_kg=150;max_generator_power_W_total=6e+06;sea_level_static_thrust_N_per_engine=115000;total_electric_power_W=0,descent,-40596.11857131867,True,descent_surrogate_idle_drag_balance
V05-0031_hybrid,adaptive_cycle_plus_hybrid_electric,selected_grid,battery_capacity_Wh=250000;cruise_ld=15;hybrid_mass_per_MW_kg=400;max_generator_power_W_total=6e+06;sea_level_static_thrust_N_per_engine=115000;total_electric_power_W=0,descent,-40596.11857131867,True,descent_surrogate_idle_drag_balance
V05-0032_hybrid,adaptive_cycle_plus_hybrid_electric,selected_grid,battery_capacity_Wh=1e+06;cruise_ld=15;hybrid_mass_per_MW_kg=150;max_generator_power_W_total=2e+06;sea_level_static_thrust_N_per_engine=115000;total_electric_power_W=0,descent,-41684.266795186035,True,descent_surrogate_idle_drag_balance
V05-0033_hybrid,adaptive_cycle_plus_hybrid_electric,selected_grid,battery_capacity_Wh=1e+06;cruise_ld=15;hybrid_mass_per_MW_kg=400;max_generator_power_W_total=2e+06;sea_level_static_thrust_N_per_engine=115000;total_electric_power_W=0,descent,-41684.266795186035,True,descent_surrogate_idle_drag_balance
V05-0034_hybrid,adaptive_cycle_plus_hybrid_electric,selected_grid,battery_capacity_Wh=1e+06;cruise_ld=15;hybrid_mass_per_MW_kg=150;max_generator_power_W_total=6e+06;sea_level_static_thrust_N_per_engine=115000;total_electric_power_W=0,descent,-41684.266795186035,True,descent_surrogate_idle_drag_balance
V05-0035_hybrid,adaptive_cycle_plus_hybrid_electric,selected_grid,battery_capacity_Wh=1e+06;cruise_ld=15;hybrid_mass_per_MW_kg=400;max_generator_power_W_total=6e+06;sea_level_static_thrust_N_per_engine=115000;total_electric_power_W=0,descent,-41684.266795186035,True,descent_surrogate_idle_drag_balance
V05-0036_hybrid,adaptive_cycle_plus_hybrid_electric,selected_grid,battery_capacity_Wh=250000;cruise_ld=15;hybrid_mass_per_MW_kg=150;max_generator_power_W_total=2e+06;sea_level_static_thrust_N_per_engine=115000;total_electric_power_W=4e+06,descent,-40826.521503953554,True,descent_surrogate_idle_drag_balance
V05-0037_hybrid,adaptive_cycle_plus_hybrid_electric,selected_grid,battery_capacity_Wh=250000;cruise_ld=15;hybrid_mass_per_MW_kg=400;max_generator_power_W_total=2e+06;sea_level_static_thrust_N_per_engine=115000;total_electric_power_W=4e+06,descent,-41187.23258168188,True,descent_surrogate_idle_drag_balance
V05-0038_hybrid,adaptive_cycle_plus_hybrid_electric,selected_grid,battery_capacity_Wh=250000;cruise_ld=15;hybrid_mass_per_MW_kg=150;max_generator_power_W_total=6e+06;sea_level_static_thrust_N_per_engine=115000;total_electric_power_W=4e+06,takeoff,-49559.8411558033,True,takeoff_thrust_or_lift_proxy
V05-0039_hybrid,adaptive_cycle_plus_hybrid_electric,selected_grid,battery_capacity_Wh=250000;cruise_ld=15;hybrid_mass_per_MW_kg=400;max_generator_power_W_total=6e+06;sea_level_static_thrust_N_per_engine=115000;total_electric_power_W=4e+06,takeoff,-51128.90515580331,True,takeoff_thrust_or_lift_proxy
V05-0040_hybrid,adaptive_cycle_plus_hybrid_electric,selected_grid,battery_capacity_Wh=1e+06;cruise_ld=15;hybrid_mass_per_MW_kg=150;max_generator_power_W_total=2e+06;sea_level_static_thrust_N_per_engine=115000;total_electric_power_W=4e+06,descent,-41921.84085963268,True,descent_surrogate_idle_drag_balance
V05-0041_hybrid,adaptive_cycle_plus_hybrid_electric,selected_grid,battery_capacity_Wh=1e+06;cruise_ld=15;hybrid_mass_per_MW_kg=400;max_generator_power_W_total=2e+06;sea_level_static_thrust_N_per_engine=115000;total_electric_power_W=4e+06,descent,-42295.73805985517,True,descent_surrogate_idle_drag_balance
V05-0042_hybrid,adaptive_cycle_plus_hybrid_electric,selected_grid,battery_capacity_Wh=1e+06;cruise_ld=15;hybrid_mass_per_MW_kg=150;max_generator_power_W_total=6e+06;sea_level_static_thrust_N_per_engine=115000;total_electric_power_W=4e+06,takeoff,-54267.03315580331,True,takeoff_thrust_or_lift_proxy
V05-0043_hybrid,adaptive_cycle_plus_hybrid_electric,selected_grid,battery_capacity_Wh=1e+06;cruise_ld=15;hybrid_mass_per_MW_kg=400;max_generator_power_W_total=6e+06;sea_level_static_thrust_N_per_engine=115000;total_electric_power_W=4e+06,takeoff,-55836.09715580329,True,takeoff_thrust_or_lift_proxy
V05-0044_hybrid,adaptive_cycle_plus_hybrid_electric,selected_grid,battery_capacity_Wh=250000;cruise_ld=15;hybrid_mass_per_MW_kg=150;max_generator_power_W_total=2e+06;sea_level_static_thrust_N_per_engine=115000;total_electric_power_W=8e+06,descent,-41042.420705690776,True,descent_surrogate_idle_drag_balance
V05-0045_hybrid,adaptive_cycle_plus_hybrid_electric,selected_grid,battery_capacity_Wh=250000;cruise_ld=15;hybrid_mass_per_MW_kg=400;max_generator_power_W_total=2e+06;sea_level_static_thrust_N_per_engine=115000;total_electric_power_W=8e+06,descent,-41773.512684309826,True,descent_surrogate_idle_drag_balance
V05-0046_hybrid,adaptive_cycle_plus_hybrid_electric,selected_grid,battery_capacity_Wh=250000;cruise_ld=15;hybrid_mass_per_MW_kg=150;max_generator_power_W_total=6e+06;sea_level_static_thrust_N_per_engine=115000;total_electric_power_W=8e+06,takeoff,-74232.88477620891,True,takeoff_thrust_or_lift_proxy
V05-0047_hybrid,adaptive_cycle_plus_hybrid_electric,selected_grid,battery_capacity_Wh=250000;cruise_ld=15;hybrid_mass_per_MW_kg=400;max_generator_power_W_total=6e+06;sea_level_static_thrust_N_per_engine=115000;total_electric_power_W=8e+06,takeoff,-77371.01277620891,True,takeoff_thrust_or_lift_proxy
V05-0048_hybrid,adaptive_cycle_plus_hybrid_electric,selected_grid,battery_capacity_Wh=1e+06;cruise_ld=15;hybrid_mass_per_MW_kg=150;max_generator_power_W_total=2e+06;sea_level_static_thrust_N_per_engine=115000;total_electric_power_W=8e+06,descent,-42145.651734866406,True,descent_surrogate_idle_drag_balance
V05-0049_hybrid,adaptive_cycle_plus_hybrid_electric,selected_grid,battery_capacity_Wh=1e+06;cruise_ld=15;hybrid_mass_per_MW_kg=400;max_generator_power_W_total=2e+06;sea_level_static_thrust_N_per_engine=115000;total_electric_power_W=8e+06,descent,-42903.11595847373,True,descent_surrogate_idle_drag_balance
V05-0050_hybrid,adaptive_cycle_plus_hybrid_electric,selected_grid,battery_capacity_Wh=1e+06;cruise_ld=15;hybrid_mass_per_MW_kg=150;max_generator_power_W_total=6e+06;sea_level_static_thrust_N_per_engine=115000;total_electric_power_W=8e+06,takeoff,-78940.07677620892,True,takeoff_thrust_or_lift_proxy
V05-0051_hybrid,adaptive_cycle_plus_hybrid_electric,selected_grid,battery_capacity_Wh=1e+06;cruise_ld=15;hybrid_mass_per_MW_kg=400;max_generator_power_W_total=6e+06;sea_level_static_thrust_N_per_engine=115000;total_electric_power_W=8e+06,takeoff,-82078.20477620892,True,takeoff_thrust_or_lift_proxy
V05-0052_hybrid,adaptive_cycle_plus_hybrid_electric,selected_grid,battery_capacity_Wh=250000;cruise_ld=18;hybrid_mass_per_MW_kg=150;max_generator_power_W_total=2e+06;sea_level_static_thrust_N_per_engine=115000;total_electric_power_W=0,descent,-40574.13004634717,True,descent_surrogate_idle_drag_balance
V05-0053_hybrid,adaptive_cycle_plus_hybrid_electric,selected_grid,battery_capacity_Wh=250000;cruise_ld=18;hybrid_mass_per_MW_kg=400;max_generator_power_W_total=2e+06;sea_level_static_thrust_N_per_engine=115000;total_electric_power_W=0,descent,-40574.13004634717,True,descent_surrogate_idle_drag_balance
V05-0054_hybrid,adaptive_cycle_plus_hybrid_electric,selected_grid,battery_capacity_Wh=250000;cruise_ld=18;hybrid_mass_per_MW_kg=150;max_generator_power_W_total=6e+06;sea_level_static_thrust_N_per_engine=115000;total_electric_power_W=0,descent,-40574.13004634717,True,descent_surrogate_idle_drag_balance
V05-0055_hybrid,adaptive_cycle_plus_hybrid_electric,selected_grid,battery_capacity_Wh=250000;cruise_ld=18;hybrid_mass_per_MW_kg=400;max_generator_power_W_total=6e+06;sea_level_static_thrust_N_per_engine=115000;total_electric_power_W=0,descent,-40574.13004634717,True,descent_surrogate_idle_drag_balance
V05-0056_hybrid,adaptive_cycle_plus_hybrid_electric,selected_grid,battery_capacity_Wh=1e+06;cruise_ld=18;hybrid_mass_per_MW_kg=150;max_generator_power_W_total=2e+06;sea_level_static_thrust_N_per_engine=115000;total_electric_power_W=0,descent,-41668.50246948452,True,descent_surrogate_idle_drag_balance
V05-0057_hybrid,adaptive_cycle_plus_hybrid_electric,selected_grid,battery_capacity_Wh=1e+06;cruise_ld=18;hybrid_mass_per_MW_kg=400;max_generator_power_W_total=2e+06;sea_level_static_thrust_N_per_engine=115000;total_electric_power_W=0,descent,-41668.50246948452,True,descent_surrogate_idle_drag_balance
V05-0058_hybrid,adaptive_cycle_plus_hybrid_electric,selected_grid,battery_capacity_Wh=1e+06;cruise_ld=18;hybrid_mass_per_MW_kg=150;max_generator_power_W_total=6e+06;sea_level_static_thrust_N_per_engine=115000;total_electric_power_W=0,descent,-41668.50246948452,True,descent_surrogate_idle_drag_balance
V05-0059_hybrid,adaptive_cycle_plus_hybrid_electric,selected_grid,battery_capacity_Wh=1e+06;cruise_ld=18;hybrid_mass_per_MW_kg=400;max_generator_power_W_total=6e+06;sea_level_static_thrust_N_per_engine=115000;total_electric_power_W=0,descent,-41668.50246948452,True,descent_surrogate_idle_drag_balance
V05-0060_hybrid,adaptive_cycle_plus_hybrid_electric,selected_grid,battery_capacity_Wh=250000;cruise_ld=18;hybrid_mass_per_MW_kg=150;max_generator_power_W_total=2e+06;sea_level_static_thrust_N_per_engine=115000;total_electric_power_W=4e+06,descent,-40805.751872479144,True,descent_surrogate_idle_drag_balance
V05-0061_hybrid,adaptive_cycle_plus_hybrid_electric,selected_grid,battery_capacity_Wh=250000;cruise_ld=18;hybrid_mass_per_MW_kg=400;max_generator_power_W_total=2e+06;sea_level_static_thrust_N_per_engine=115000;total_electric_power_W=4e+06,descent,-41168.56557261608,True,descent_surrogate_idle_drag_balance
V05-0062_hybrid,adaptive_cycle_plus_hybrid_electric,selected_grid,battery_capacity_Wh=250000;cruise_ld=18;hybrid_mass_per_MW_kg=150;max_generator_power_W_total=6e+06;sea_level_static_thrust_N_per_engine=115000;total_electric_power_W=4e+06,takeoff,-48212.680862765,True,takeoff_thrust_or_lift_proxy
V05-0063_hybrid,adaptive_cycle_plus_hybrid_electric,selected_grid,battery_capacity_Wh=250000;cruise_ld=18;hybrid_mass_per_MW_kg=400;max_generator_power_W_total=6e+06;sea_level_static_thrust_N_per_engine=115000;total_electric_power_W=4e+06,takeoff,-49933.06854784276,True,takeoff_thrust_or_lift_proxy
V05-0064_hybrid,adaptive_cycle_plus_hybrid_electric,selected_grid,battery_capacity_Wh=1e+06;cruise_ld=18;hybrid_mass_per_MW_kg=150;max_generator_power_W_total=2e+06;sea_level_static_thrust_N_per_engine=115000;total_electric_power_W=4e+06,descent,-41907.551072418064,True,descent_surrogate_idle_drag_balance
V05-0065_hybrid,adaptive_cycle_plus_hybrid_electric,selected_grid,battery_capacity_Wh=1e+06;cruise_ld=18;hybrid_mass_per_MW_kg=400;max_generator_power_W_total=2e+06;sea_level_static_thrust_N_per_engine=115000;total_electric_power_W=4e+06,descent,-42283.722872083075,True,descent_surrogate_idle_drag_balance
V05-0066_hybrid,adaptive_cycle_plus_hybrid_electric,selected_grid,battery_capacity_Wh=1e+06;cruise_ld=18;hybrid_mass_per_MW_kg=150;max_generator_power_W_total=6e+06;sea_level_static_thrust_N_per_engine=115000;total_electric_power_W=4e+06,takeoff,-53373.84391799831,True,takeoff_thrust_or_lift_proxy
V05-0067_hybrid,adaptive_cycle_plus_hybrid_electric,selected_grid,battery_capacity_Wh=1e+06;cruise_ld=18;hybrid_mass_per_MW_kg=400;max_generator_power_W_total=6e+06;sea_level_static_thrust_N_per_engine=115000;total_electric_power_W=4e+06,takeoff,-55094.2316030761,True,takeoff_thrust_or_lift_proxy
V05-0068_hybrid,adaptive_cycle_plus_hybrid_electric,selected_grid,battery_capacity_Wh=250000;cruise_ld=18;hybrid_mass_per_MW_kg=150;max_generator_power_W_total=2e+06;sea_level_static_thrust_N_per_engine=115000;total_electric_power_W=8e+06,descent,-41022.905768580196,True,descent_surrogate_idle_drag_balance
V05-0069_hybrid,adaptive_cycle_plus_hybrid_electric,selected_grid,battery_capacity_Wh=250000;cruise_ld=18;hybrid_mass_per_MW_kg=400;max_generator_power_W_total=2e+06;sea_level_static_thrust_N_per_engine=115000;total_electric_power_W=8e+06,descent,-41758.329108508,True,descent_surrogate_idle_drag_balance
V05-0070_hybrid,adaptive_cycle_plus_hybrid_electric,selected_grid,battery_capacity_Wh=250000;cruise_ld=18;hybrid_mass_per_MW_kg=150;max_generator_power_W_total=6e+06;sea_level_static_thrust_N_per_engine=115000;total_electric_power_W=8e+06,takeoff,-72978.56375698392,True,takeoff_thrust_or_lift_proxy
V05-0071_hybrid,adaptive_cycle_plus_hybrid_electric,selected_grid,battery_capacity_Wh=250000;cruise_ld=18;hybrid_mass_per_MW_kg=400;max_generator_power_W_total=6e+06;sea_level_static_thrust_N_per_engine=115000;total_electric_power_W=8e+06,takeoff,-76419.33912713946,True,takeoff_thrust_or_lift_proxy
V05-0072_hybrid,adaptive_cycle_plus_hybrid_electric,selected_grid,battery_capacity_Wh=1e+06;cruise_ld=18;hybrid_mass_per_MW_kg=150;max_generator_power_W_total=2e+06;sea_level_static_thrust_N_per_engine=115000;total_electric_power_W=8e+06,descent,-42132.71982823596,True,descent_surrogate_idle_drag_balance
V05-0073_hybrid,adaptive_cycle_plus_hybrid_electric,selected_grid,battery_capacity_Wh=1e+06;cruise_ld=18;hybrid_mass_per_MW_kg=400;max_generator_power_W_total=2e+06;sea_level_static_thrust_N_per_engine=115000;total_electric_power_W=8e+06,descent,-42894.859367219906,True,descent_surrogate_idle_drag_balance
V05-0074_hybrid,adaptive_cycle_plus_hybrid_electric,selected_grid,battery_capacity_Wh=1e+06;cruise_ld=18;hybrid_mass_per_MW_kg=150;max_generator_power_W_total=6e+06;sea_level_static_thrust_N_per_engine=115000;total_electric_power_W=8e+06,takeoff,-78139.72681221722,True,takeoff_thrust_or_lift_proxy
V05-0075_hybrid,adaptive_cycle_plus_hybrid_electric,selected_grid,battery_capacity_Wh=1e+06;cruise_ld=18;hybrid_mass_per_MW_kg=400;max_generator_power_W_total=6e+06;sea_level_static_thrust_N_per_engine=115000;total_electric_power_W=8e+06,takeoff,-81580.5021823728,True,takeoff_thrust_or_lift_proxy
V05-0076_hybrid,adaptive_cycle_plus_hybrid_electric,selected_grid,battery_capacity_Wh=250000;cruise_ld=15;hybrid_mass_per_MW_kg=150;max_generator_power_W_total=2e+06;sea_level_static_thrust_N_per_engine=130000;total_electric_power_W=0,descent,-38919.18539972878,True,descent_surrogate_idle_drag_balance
V05-0077_hybrid,adaptive_cycle_plus_hybrid_electric,selected_grid,battery_capacity_Wh=250000;cruise_ld=15;hybrid_mass_per_MW_kg=400;max_generator_power_W_total=2e+06;sea_level_static_thrust_N_per_engine=130000;total_electric_power_W=0,descent,-38919.18539972878,True,descent_surrogate_idle_drag_balance
V05-0078_hybrid,adaptive_cycle_plus_hybrid_electric,selected_grid,battery_capacity_Wh=250000;cruise_ld=15;hybrid_mass_per_MW_kg=150;max_generator_power_W_total=6e+06;sea_level_static_thrust_N_per_engine=130000;total_electric_power_W=0,descent,-38919.18539972878,True,descent_surrogate_idle_drag_balance
V05-0079_hybrid,adaptive_cycle_plus_hybrid_electric,selected_grid,battery_capacity_Wh=250000;cruise_ld=15;hybrid_mass_per_MW_kg=400;max_generator_power_W_total=6e+06;sea_level_static_thrust_N_per_engine=130000;total_electric_power_W=0,descent,-38919.18539972878,True,descent_surrogate_idle_drag_balance
V05-0080_hybrid,adaptive_cycle_plus_hybrid_electric,selected_grid,battery_capacity_Wh=1e+06;cruise_ld=15;hybrid_mass_per_MW_kg=150;max_generator_power_W_total=2e+06;sea_level_static_thrust_N_per_engine=130000;total_electric_power_W=0,descent,-40015.70454643761,True,descent_surrogate_idle_drag_balance
V05-0081_hybrid,adaptive_cycle_plus_hybrid_electric,selected_grid,battery_capacity_Wh=1e+06;cruise_ld=15;hybrid_mass_per_MW_kg=400;max_generator_power_W_total=2e+06;sea_level_static_thrust_N_per_engine=130000;total_electric_power_W=0,descent,-40015.70454643761,True,descent_surrogate_idle_drag_balance
V05-0082_hybrid,adaptive_cycle_plus_hybrid_electric,selected_grid,battery_capacity_Wh=1e+06;cruise_ld=15;hybrid_mass_per_MW_kg=150;max_generator_power_W_total=6e+06;sea_level_static_thrust_N_per_engine=130000;total_electric_power_W=0,descent,-40015.70454643761,True,descent_surrogate_idle_drag_balance
V05-0083_hybrid,adaptive_cycle_plus_hybrid_electric,selected_grid,battery_capacity_Wh=1e+06;cruise_ld=15;hybrid_mass_per_MW_kg=400;max_generator_power_W_total=6e+06;sea_level_static_thrust_N_per_engine=130000;total_electric_power_W=0,descent,-40015.70454643761,True,descent_surrogate_idle_drag_balance
V05-0084_hybrid,adaptive_cycle_plus_hybrid_electric,selected_grid,battery_capacity_Wh=250000;cruise_ld=15;hybrid_mass_per_MW_kg=150;max_generator_power_W_total=2e+06;sea_level_static_thrust_N_per_engine=130000;total_electric_power_W=4e+06,descent,-39155.22271348979,True,descent_surrogate_idle_drag_balance
V05-0085_hybrid,adaptive_cycle_plus_hybrid_electric,selected_grid,battery_capacity_Wh=250000;cruise_ld=15;hybrid_mass_per_MW_kg=400;max_generator_power_W_total=2e+06;sea_level_static_thrust_N_per_engine=130000;total_electric_power_W=4e+06,descent,-39527.35436352727,True,descent_surrogate_idle_drag_balance
V05-0086_hybrid,adaptive_cycle_plus_hybrid_electric,selected_grid,battery_capacity_Wh=250000;cruise_ld=15;hybrid_mass_per_MW_kg=150;max_generator_power_W_total=6e+06;sea_level_static_thrust_N_per_engine=130000;total_electric_power_W=4e+06,descent,-39160.06561922059,True,descent_surrogate_idle_drag_balance
V05-0087_hybrid,adaptive_cycle_plus_hybrid_electric,selected_grid,battery_capacity_Wh=250000;cruise_ld=15;hybrid_mass_per_MW_kg=400;max_generator_power_W_total=6e+06;sea_level_static_thrust_N_per_engine=130000;total_electric_power_W=4e+06,descent,-39532.19160679098,True,descent_surrogate_idle_drag_balance
V05-0088_hybrid,adaptive_cycle_plus_hybrid_electric,selected_grid,battery_capacity_Wh=1e+06;cruise_ld=15;hybrid_mass_per_MW_kg=150;max_generator_power_W_total=2e+06;sea_level_static_thrust_N_per_engine=130000;total_electric_power_W=4e+06,descent,-40260.069826003055,True,descent_surrogate_idle_drag_balance
V05-0089_hybrid,adaptive_cycle_plus_hybrid_electric,selected_grid,battery_capacity_Wh=1e+06;cruise_ld=15;hybrid_mass_per_MW_kg=400;max_generator_power_W_total=2e+06;sea_level_static_thrust_N_per_engine=130000;total_electric_power_W=4e+06,descent,-40635.38624573484,True,descent_surrogate_idle_drag_balance
V05-0090_hybrid,adaptive_cycle_plus_hybrid_electric,selected_grid,battery_capacity_Wh=1e+06;cruise_ld=15;hybrid_mass_per_MW_kg=150;max_generator_power_W_total=6e+06;sea_level_static_thrust_N_per_engine=130000;total_electric_power_W=4e+06,descent,-40265.05437734272,True,descent_surrogate_idle_drag_balance
V05-0091_hybrid,adaptive_cycle_plus_hybrid_electric,selected_grid,battery_capacity_Wh=1e+06;cruise_ld=15;hybrid_mass_per_MW_kg=400;max_generator_power_W_total=6e+06;sea_level_static_thrust_N_per_engine=130000;total_electric_power_W=4e+06,descent,-40640.42965775622,True,descent_surrogate_idle_drag_balance
V05-0092_hybrid,adaptive_cycle_plus_hybrid_electric,selected_grid,battery_capacity_Wh=250000;cruise_ld=15;hybrid_mass_per_MW_kg=150;max_generator_power_W_total=2e+06;sea_level_static_thrust_N_per_engine=130000;total_electric_power_W=8e+06,descent,-39373.16412518074,True,descent_surrogate_idle_drag_balance
V05-0093_hybrid,adaptive_cycle_plus_hybrid_electric,selected_grid,battery_capacity_Wh=250000;cruise_ld=15;hybrid_mass_per_MW_kg=400;max_generator_power_W_total=2e+06;sea_level_static_thrust_N_per_engine=130000;total_electric_power_W=8e+06,descent,-40110.83127290611,True,descent_surrogate_idle_drag_balance
V05-0094_hybrid,adaptive_cycle_plus_hybrid_electric,selected_grid,battery_capacity_Wh=250000;cruise_ld=15;hybrid_mass_per_MW_kg=150;max_generator_power_W_total=6e+06;sea_level_static_thrust_N_per_engine=130000;total_electric_power_W=8e+06,takeoff,-56599.006886100906,True,takeoff_thrust_or_lift_proxy
V05-0095_hybrid,adaptive_cycle_plus_hybrid_electric,selected_grid,battery_capacity_Wh=250000;cruise_ld=15;hybrid_mass_per_MW_kg=400;max_generator_power_W_total=6e+06;sea_level_static_thrust_N_per_engine=130000;total_electric_power_W=8e+06,takeoff,-59952.65616309071,True,takeoff_thrust_or_lift_proxy
V05-0096_hybrid,adaptive_cycle_plus_hybrid_electric,selected_grid,battery_capacity_Wh=1e+06;cruise_ld=15;hybrid_mass_per_MW_kg=150;max_generator_power_W_total=2e+06;sea_level_static_thrust_N_per_engine=130000;total_electric_power_W=8e+06,descent,-40483.44132134838,True,descent_surrogate_idle_drag_balance
V05-0097_hybrid,adaptive_cycle_plus_hybrid_electric,selected_grid,battery_capacity_Wh=1e+06;cruise_ld=15;hybrid_mass_per_MW_kg=400;max_generator_power_W_total=2e+06;sea_level_static_thrust_N_per_engine=130000;total_electric_power_W=8e+06,descent,-41243.725645034305,True,descent_surrogate_idle_drag_balance
V05-0098_hybrid,adaptive_cycle_plus_hybrid_electric,selected_grid,battery_capacity_Wh=1e+06;cruise_ld=15;hybrid_mass_per_MW_kg=150;max_generator_power_W_total=6e+06;sea_level_static_thrust_N_per_engine=130000;total_electric_power_W=8e+06,takeoff,-61521.72016309072,True,takeoff_thrust_or_lift_proxy
V05-0099_hybrid,adaptive_cycle_plus_hybrid_electric,selected_grid,battery_capacity_Wh=1e+06;cruise_ld=15;hybrid_mass_per_MW_kg=400;max_generator_power_W_total=6e+06;sea_level_static_thrust_N_per_engine=130000;total_electric_power_W=8e+06,takeoff,-64659.84816309075,True,takeoff_thrust_or_lift_proxy
V05-0100_hybrid,adaptive_cycle_plus_hybrid_electric,selected_grid,battery_capacity_Wh=250000;cruise_ld=18;hybrid_mass_per_MW_kg=150;max_generator_power_W_total=2e+06;sea_level_static_thrust_N_per_engine=130000;total_electric_power_W=0,descent,-38874.307203571436,True,descent_surrogate_idle_drag_balance
V05-0101_hybrid,adaptive_cycle_plus_hybrid_electric,selected_grid,battery_capacity_Wh=250000;cruise_ld=18;hybrid_mass_per_MW_kg=400;max_generator_power_W_total=2e+06;sea_level_static_thrust_N_per_engine=130000;total_electric_power_W=0,descent,-38874.307203571436,True,descent_surrogate_idle_drag_balance
V05-0102_hybrid,adaptive_cycle_plus_hybrid_electric,selected_grid,battery_capacity_Wh=250000;cruise_ld=18;hybrid_mass_per_MW_kg=150;max_generator_power_W_total=6e+06;sea_level_static_thrust_N_per_engine=130000;total_electric_power_W=0,descent,-38874.307203571436,True,descent_surrogate_idle_drag_balance
V05-0103_hybrid,adaptive_cycle_plus_hybrid_electric,selected_grid,battery_capacity_Wh=250000;cruise_ld=18;hybrid_mass_per_MW_kg=400;max_generator_power_W_total=6e+06;sea_level_static_thrust_N_per_engine=130000;total_electric_power_W=0,descent,-38874.307203571436,True,descent_surrogate_idle_drag_balance
V05-0104_hybrid,adaptive_cycle_plus_hybrid_electric,selected_grid,battery_capacity_Wh=1e+06;cruise_ld=18;hybrid_mass_per_MW_kg=150;max_generator_power_W_total=2e+06;sea_level_static_thrust_N_per_engine=130000;total_electric_power_W=0,descent,-39970.02969683195,True,descent_surrogate_idle_drag_balance
V05-0105_hybrid,adaptive_cycle_plus_hybrid_electric,selected_grid,battery_capacity_Wh=1e+06;cruise_ld=18;hybrid_mass_per_MW_kg=400;max_generator_power_W_total=2e+06;sea_level_static_thrust_N_per_engine=130000;total_electric_power_W=0,descent,-39970.02969683195,True,descent_surrogate_idle_drag_balance
V05-0106_hybrid,adaptive_cycle_plus_hybrid_electric,selected_grid,battery_capacity_Wh=1e+06;cruise_ld=18;hybrid_mass_per_MW_kg=150;max_generator_power_W_total=6e+06;sea_level_static_thrust_N_per_engine=130000;total_electric_power_W=0,descent,-39970.02969683195,True,descent_surrogate_idle_drag_balance
V05-0107_hybrid,adaptive_cycle_plus_hybrid_electric,selected_grid,battery_capacity_Wh=1e+06;cruise_ld=18;hybrid_mass_per_MW_kg=400;max_generator_power_W_total=6e+06;sea_level_static_thrust_N_per_engine=130000;total_electric_power_W=0,descent,-39970.02969683195,True,descent_surrogate_idle_drag_balance
V05-0108_hybrid,adaptive_cycle_plus_hybrid_electric,selected_grid,battery_capacity_Wh=250000;cruise_ld=18;hybrid_mass_per_MW_kg=150;max_generator_power_W_total=2e+06;sea_level_static_thrust_N_per_engine=130000;total_electric_power_W=4e+06,descent,-39109.45489777967,True,descent_surrogate_idle_drag_balance
V05-0109_hybrid,adaptive_cycle_plus_hybrid_electric,selected_grid,battery_capacity_Wh=250000;cruise_ld=18;hybrid_mass_per_MW_kg=400;max_generator_power_W_total=2e+06;sea_level_static_thrust_N_per_engine=130000;total_electric_power_W=4e+06,descent,-39473.62732765087,True,descent_surrogate_idle_drag_balance
V05-0110_hybrid,adaptive_cycle_plus_hybrid_electric,selected_grid,battery_capacity_Wh=250000;cruise_ld=18;hybrid_mass_per_MW_kg=150;max_generator_power_W_total=6e+06;sea_level_static_thrust_N_per_engine=130000;total_electric_power_W=4e+06,descent,-39114.28526696434,True,descent_surrogate_idle_drag_balance
V05-0111_hybrid,adaptive_cycle_plus_hybrid_electric,selected_grid,battery_capacity_Wh=250000;cruise_ld=18;hybrid_mass_per_MW_kg=400;max_generator_power_W_total=6e+06;sea_level_static_thrust_N_per_engine=130000;total_electric_power_W=4e+06,descent,-39478.51739906855,True,descent_surrogate_idle_drag_balance
V05-0112_hybrid,adaptive_cycle_plus_hybrid_electric,selected_grid,battery_capacity_Wh=1e+06;cruise_ld=18;hybrid_mass_per_MW_kg=150;max_generator_power_W_total=2e+06;sea_level_static_thrust_N_per_engine=130000;total_electric_power_W=4e+06,descent,-40215.39683946098,True,descent_surrogate_idle_drag_balance
V05-0113_hybrid,adaptive_cycle_plus_hybrid_electric,selected_grid,battery_capacity_Wh=1e+06;cruise_ld=18;hybrid_mass_per_MW_kg=400;max_generator_power_W_total=2e+06;sea_level_static_thrust_N_per_engine=130000;total_electric_power_W=4e+06,descent,-40592.994189773104,True,descent_surrogate_idle_drag_balance
V05-0114_hybrid,adaptive_cycle_plus_hybrid_electric,selected_grid,battery_capacity_Wh=1e+06;cruise_ld=18;hybrid_mass_per_MW_kg=150;max_generator_power_W_total=6e+06;sea_level_static_thrust_N_per_engine=130000;total_electric_power_W=4e+06,descent,-40220.4063197255,True,descent_surrogate_idle_drag_balance
V05-0115_hybrid,adaptive_cycle_plus_hybrid_electric,selected_grid,battery_capacity_Wh=1e+06;cruise_ld=18;hybrid_mass_per_MW_kg=400;max_generator_power_W_total=6e+06;sea_level_static_thrust_N_per_engine=130000;total_electric_power_W=4e+06,descent,-40598.06337664385,True,descent_surrogate_idle_drag_balance
V05-0116_hybrid,adaptive_cycle_plus_hybrid_electric,selected_grid,battery_capacity_Wh=250000;cruise_ld=18;hybrid_mass_per_MW_kg=150;max_generator_power_W_total=2e+06;sea_level_static_thrust_N_per_engine=130000;total_electric_power_W=8e+06,descent,-39327.03274490312,True,descent_surrogate_idle_drag_balance
V05-0117_hybrid,adaptive_cycle_plus_hybrid_electric,selected_grid,battery_capacity_Wh=250000;cruise_ld=18;hybrid_mass_per_MW_kg=400;max_generator_power_W_total=2e+06;sea_level_static_thrust_N_per_engine=130000;total_electric_power_W=8e+06,descent,-40065.20389294921,True,descent_surrogate_idle_drag_balance
V05-0118_hybrid,adaptive_cycle_plus_hybrid_electric,selected_grid,battery_capacity_Wh=250000;cruise_ld=18;hybrid_mass_per_MW_kg=150;max_generator_power_W_total=6e+06;sea_level_static_thrust_N_per_engine=130000;total_electric_power_W=8e+06,takeoff,-53795.73643678021,True,takeoff_thrust_or_lift_proxy
V05-0119_hybrid,adaptive_cycle_plus_hybrid_electric,selected_grid,battery_capacity_Wh=250000;cruise_ld=18;hybrid_mass_per_MW_kg=400;max_generator_power_W_total=6e+06;sea_level_static_thrust_N_per_engine=130000;total_electric_power_W=8e+06,takeoff,-57238.69389613172,True,takeoff_thrust_or_lift_proxy
V05-0120_hybrid,adaptive_cycle_plus_hybrid_electric,selected_grid,battery_capacity_Wh=1e+06;cruise_ld=18;hybrid_mass_per_MW_kg=150;max_generator_power_W_total=2e+06;sea_level_static_thrust_N_per_engine=130000;total_electric_power_W=8e+06,descent,-40439.90123986044,True,descent_surrogate_idle_drag_balance
V05-0121_hybrid,adaptive_cycle_plus_hybrid_electric,selected_grid,battery_capacity_Wh=1e+06;cruise_ld=18;hybrid_mass_per_MW_kg=400;max_generator_power_W_total=2e+06;sea_level_static_thrust_N_per_engine=130000;total_electric_power_W=8e+06,descent,-41204.87145359259,True,descent_surrogate_idle_drag_balance
V05-0122_hybrid,adaptive_cycle_plus_hybrid_electric,selected_grid,battery_capacity_Wh=1e+06;cruise_ld=18;hybrid_mass_per_MW_kg=150;max_generator_power_W_total=6e+06;sea_level_static_thrust_N_per_engine=130000;total_electric_power_W=8e+06,takeoff,-58960.17262580745,True,takeoff_thrust_or_lift_proxy
V05-0123_hybrid,adaptive_cycle_plus_hybrid_electric,selected_grid,battery_capacity_Wh=1e+06;cruise_ld=18;hybrid_mass_per_MW_kg=400;max_generator_power_W_total=6e+06;sea_level_static_thrust_N_per_engine=130000;total_electric_power_W=8e+06,takeoff,-62403.13008515893,True,takeoff_thrust_or_lift_proxy
V05-0124_hybrid,adaptive_cycle_plus_hybrid_electric,selected_grid,battery_capacity_Wh=250000;cruise_ld=15;hybrid_mass_per_MW_kg=150;max_generator_power_W_total=2e+06;sea_level_static_thrust_N_per_engine=150000;total_electric_power_W=0,descent,-36660.31802543983,True,descent_surrogate_idle_drag_balance
V05-0125_hybrid,adaptive_cycle_plus_hybrid_electric,selected_grid,battery_capacity_Wh=250000;cruise_ld=15;hybrid_mass_per_MW_kg=400;max_generator_power_W_total=2e+06;sea_level_static_thrust_N_per_engine=150000;total_electric_power_W=0,descent,-36660.31802543983,True,descent_surrogate_idle_drag_balance
V05-0126_hybrid,adaptive_cycle_plus_hybrid_electric,selected_grid,battery_capacity_Wh=250000;cruise_ld=15;hybrid_mass_per_MW_kg=150;max_generator_power_W_total=6e+06;sea_level_static_thrust_N_per_engine=150000;total_electric_power_W=0,descent,-36660.31802543983,True,descent_surrogate_idle_drag_balance
V05-0127_hybrid,adaptive_cycle_plus_hybrid_electric,selected_grid,battery_capacity_Wh=250000;cruise_ld=15;hybrid_mass_per_MW_kg=400;max_generator_power_W_total=6e+06;sea_level_static_thrust_N_per_engine=150000;total_electric_power_W=0,descent,-36660.31802543983,True,descent_surrogate_idle_drag_balance
V05-0128_hybrid,adaptive_cycle_plus_hybrid_electric,selected_grid,battery_capacity_Wh=1e+06;cruise_ld=15;hybrid_mass_per_MW_kg=150;max_generator_power_W_total=2e+06;sea_level_static_thrust_N_per_engine=150000;total_electric_power_W=0,descent,-37761.860436534706,True,descent_surrogate_idle_drag_balance
V05-0129_hybrid,adaptive_cycle_plus_hybrid_electric,selected_grid,battery_capacity_Wh=1e+06;cruise_ld=15;hybrid_mass_per_MW_kg=400;max_generator_power_W_total=2e+06;sea_level_static_thrust_N_per_engine=150000;total_electric_power_W=0,descent,-37761.860436534706,True,descent_surrogate_idle_drag_balance
V05-0130_hybrid,adaptive_cycle_plus_hybrid_electric,selected_grid,battery_capacity_Wh=1e+06;cruise_ld=15;hybrid_mass_per_MW_kg=150;max_generator_power_W_total=6e+06;sea_level_static_thrust_N_per_engine=150000;total_electric_power_W=0,descent,-37761.860436534706,True,descent_surrogate_idle_drag_balance
V05-0131_hybrid,adaptive_cycle_plus_hybrid_electric,selected_grid,battery_capacity_Wh=1e+06;cruise_ld=15;hybrid_mass_per_MW_kg=400;max_generator_power_W_total=6e+06;sea_level_static_thrust_N_per_engine=150000;total_electric_power_W=0,descent,-37761.860436534706,True,descent_surrogate_idle_drag_balance
V05-0132_hybrid,adaptive_cycle_plus_hybrid_electric,selected_grid,battery_capacity_Wh=250000;cruise_ld=15;hybrid_mass_per_MW_kg=150;max_generator_power_W_total=2e+06;sea_level_static_thrust_N_per_engine=150000;total_electric_power_W=4e+06,descent,-36886.60522917985,True,descent_surrogate_idle_drag_balance
V05-0133_hybrid,adaptive_cycle_plus_hybrid_electric,selected_grid,battery_capacity_Wh=250000;cruise_ld=15;hybrid_mass_per_MW_kg=400;max_generator_power_W_total=2e+06;sea_level_static_thrust_N_per_engine=150000;total_electric_power_W=4e+06,descent,-37252.69019391297,True,descent_surrogate_idle_drag_balance
V05-0134_hybrid,adaptive_cycle_plus_hybrid_electric,selected_grid,battery_capacity_Wh=250000;cruise_ld=15;hybrid_mass_per_MW_kg=150;max_generator_power_W_total=6e+06;sea_level_static_thrust_N_per_engine=150000;total_electric_power_W=4e+06,descent,-36891.456825907124,True,descent_surrogate_idle_drag_balance
V05-0135_hybrid,adaptive_cycle_plus_hybrid_electric,selected_grid,battery_capacity_Wh=250000;cruise_ld=15;hybrid_mass_per_MW_kg=400;max_generator_power_W_total=6e+06;sea_level_static_thrust_N_per_engine=150000;total_electric_power_W=4e+06,descent,-37257.601635987725,True,descent_surrogate_idle_drag_balance
V05-0136_hybrid,adaptive_cycle_plus_hybrid_electric,selected_grid,battery_capacity_Wh=1e+06;cruise_ld=15;hybrid_mass_per_MW_kg=150;max_generator_power_W_total=2e+06;sea_level_static_thrust_N_per_engine=150000;total_electric_power_W=4e+06,descent,-37998.332376162005,True,descent_surrogate_idle_drag_balance
V05-0137_hybrid,adaptive_cycle_plus_hybrid_electric,selected_grid,battery_capacity_Wh=1e+06;cruise_ld=15;hybrid_mass_per_MW_kg=400;max_generator_power_W_total=2e+06;sea_level_static_thrust_N_per_engine=150000;total_electric_power_W=4e+06,descent,-38377.88992116378,True,descent_surrogate_idle_drag_balance
V05-0138_hybrid,adaptive_cycle_plus_hybrid_electric,selected_grid,battery_capacity_Wh=1e+06;cruise_ld=15;hybrid_mass_per_MW_kg=150;max_generator_power_W_total=6e+06;sea_level_static_thrust_N_per_engine=150000;total_electric_power_W=4e+06,descent,-38003.36351312942,True,descent_surrogate_idle_drag_balance
V05-0139_hybrid,adaptive_cycle_plus_hybrid_electric,selected_grid,battery_capacity_Wh=1e+06;cruise_ld=15;hybrid_mass_per_MW_kg=400;max_generator_power_W_total=6e+06;sea_level_static_thrust_N_per_engine=150000;total_electric_power_W=4e+06,descent,-38382.98090767081,True,descent_surrogate_idle_drag_balance
V05-0140_hybrid,adaptive_cycle_plus_hybrid_electric,selected_grid,battery_capacity_Wh=250000;cruise_ld=15;hybrid_mass_per_MW_kg=150;max_generator_power_W_total=2e+06;sea_level_static_thrust_N_per_engine=150000;total_electric_power_W=8e+06,descent,-37105.37824610609,True,descent_surrogate_idle_drag_balance
V05-0141_hybrid,adaptive_cycle_plus_hybrid_electric,selected_grid,battery_capacity_Wh=250000;cruise_ld=15;hybrid_mass_per_MW_kg=400;max_generator_power_W_total=2e+06;sea_level_static_thrust_N_per_engine=150000;total_electric_power_W=8e+06,descent,-37847.41051737186,True,descent_surrogate_idle_drag_balance
V05-0142_hybrid,adaptive_cycle_plus_hybrid_electric,selected_grid,battery_capacity_Wh=250000;cruise_ld=15;hybrid_mass_per_MW_kg=150;max_generator_power_W_total=6e+06;sea_level_static_thrust_N_per_engine=150000;total_electric_power_W=8e+06,descent,-37130.60783209562,True,descent_surrogate_idle_drag_balance
V05-0143_hybrid,adaptive_cycle_plus_hybrid_electric,selected_grid,battery_capacity_Wh=250000;cruise_ld=15;hybrid_mass_per_MW_kg=400;max_generator_power_W_total=6e+06;sea_level_static_thrust_N_per_engine=150000;total_electric_power_W=8e+06,descent,-37872.07332583989,True,descent_surrogate_idle_drag_balance
V05-0144_hybrid,adaptive_cycle_plus_hybrid_electric,selected_grid,battery_capacity_Wh=1e+06;cruise_ld=15;hybrid_mass_per_MW_kg=150;max_generator_power_W_total=2e+06;sea_level_static_thrust_N_per_engine=150000;total_electric_power_W=8e+06,descent,-38224.194088174714,True,descent_surrogate_idle_drag_balance
V05-0145_hybrid,adaptive_cycle_plus_hybrid_electric,selected_grid,battery_capacity_Wh=1e+06;cruise_ld=15;hybrid_mass_per_MW_kg=400;max_generator_power_W_total=2e+06;sea_level_static_thrust_N_per_engine=150000;total_electric_power_W=8e+06,descent,-38993.12372113848,True,descent_surrogate_idle_drag_balance
V05-0146_hybrid,adaptive_cycle_plus_hybrid_electric,selected_grid,battery_capacity_Wh=1e+06;cruise_ld=15;hybrid_mass_per_MW_kg=150;max_generator_power_W_total=6e+06;sea_level_static_thrust_N_per_engine=150000;total_electric_power_W=8e+06,descent,-38249.51412458736,True,descent_surrogate_idle_drag_balance
V05-0147_hybrid,adaptive_cycle_plus_hybrid_electric,selected_grid,battery_capacity_Wh=1e+06;cruise_ld=15;hybrid_mass_per_MW_kg=400;max_generator_power_W_total=6e+06;sea_level_static_thrust_N_per_engine=150000;total_electric_power_W=8e+06,descent,-39017.81182583299,True,descent_surrogate_idle_drag_balance
V05-0148_hybrid,adaptive_cycle_plus_hybrid_electric,selected_grid,battery_capacity_Wh=250000;cruise_ld=18;hybrid_mass_per_MW_kg=150;max_generator_power_W_total=2e+06;sea_level_static_thrust_N_per_engine=150000;total_electric_power_W=0,descent,-36613.02605836527,True,descent_surrogate_idle_drag_balance
V05-0149_hybrid,adaptive_cycle_plus_hybrid_electric,selected_grid,battery_capacity_Wh=250000;cruise_ld=18;hybrid_mass_per_MW_kg=400;max_generator_power_W_total=2e+06;sea_level_static_thrust_N_per_engine=150000;total_electric_power_W=0,descent,-36613.02605836527,True,descent_surrogate_idle_drag_balance
V05-0150_hybrid,adaptive_cycle_plus_hybrid_electric,selected_grid,battery_capacity_Wh=250000;cruise_ld=18;hybrid_mass_per_MW_kg=150;max_generator_power_W_total=6e+06;sea_level_static_thrust_N_per_engine=150000;total_electric_power_W=0,descent,-36613.02605836527,True,descent_surrogate_idle_drag_balance
V05-0151_hybrid,adaptive_cycle_plus_hybrid_electric,selected_grid,battery_capacity_Wh=250000;cruise_ld=18;hybrid_mass_per_MW_kg=400;max_generator_power_W_total=6e+06;sea_level_static_thrust_N_per_engine=150000;total_electric_power_W=0,descent,-36613.02605836527,True,descent_surrogate_idle_drag_balance
V05-0152_hybrid,adaptive_cycle_plus_hybrid_electric,selected_grid,battery_capacity_Wh=1e+06;cruise_ld=18;hybrid_mass_per_MW_kg=150;max_generator_power_W_total=2e+06;sea_level_static_thrust_N_per_engine=150000;total_electric_power_W=0,descent,-37711.092091571314,True,descent_surrogate_idle_drag_balance
V05-0153_hybrid,adaptive_cycle_plus_hybrid_electric,selected_grid,battery_capacity_Wh=1e+06;cruise_ld=18;hybrid_mass_per_MW_kg=400;max_generator_power_W_total=2e+06;sea_level_static_thrust_N_per_engine=150000;total_electric_power_W=0,descent,-37711.092091571314,True,descent_surrogate_idle_drag_balance
V05-0154_hybrid,adaptive_cycle_plus_hybrid_electric,selected_grid,battery_capacity_Wh=1e+06;cruise_ld=18;hybrid_mass_per_MW_kg=150;max_generator_power_W_total=6e+06;sea_level_static_thrust_N_per_engine=150000;total_electric_power_W=0,descent,-37711.092091571314,True,descent_surrogate_idle_drag_balance
V05-0155_hybrid,adaptive_cycle_plus_hybrid_electric,selected_grid,battery_capacity_Wh=1e+06;cruise_ld=18;hybrid_mass_per_MW_kg=400;max_generator_power_W_total=6e+06;sea_level_static_thrust_N_per_engine=150000;total_electric_power_W=0,descent,-37711.092091571314,True,descent_surrogate_idle_drag_balance
V05-0156_hybrid,adaptive_cycle_plus_hybrid_electric,selected_grid,battery_capacity_Wh=250000;cruise_ld=18;hybrid_mass_per_MW_kg=150;max_generator_power_W_total=2e+06;sea_level_static_thrust_N_per_engine=150000;total_electric_power_W=4e+06,descent,-36837.53214706094,True,descent_surrogate_idle_drag_balance
V05-0157_hybrid,adaptive_cycle_plus_hybrid_electric,selected_grid,battery_capacity_Wh=250000;cruise_ld=18;hybrid_mass_per_MW_kg=400;max_generator_power_W_total=2e+06;sea_level_static_thrust_N_per_engine=150000;total_electric_power_W=4e+06,descent,-37202.44301799693,True,descent_surrogate_idle_drag_balance
V05-0158_hybrid,adaptive_cycle_plus_hybrid_electric,selected_grid,battery_capacity_Wh=250000;cruise_ld=18;hybrid_mass_per_MW_kg=150;max_generator_power_W_total=6e+06;sea_level_static_thrust_N_per_engine=150000;total_electric_power_W=4e+06,descent,-36842.371388225736,True,descent_surrogate_idle_drag_balance
V05-0159_hybrid,adaptive_cycle_plus_hybrid_electric,selected_grid,battery_capacity_Wh=250000;cruise_ld=18;hybrid_mass_per_MW_kg=400;max_generator_power_W_total=6e+06;sea_level_static_thrust_N_per_engine=150000;total_electric_power_W=4e+06,descent,-37207.341966883876,True,descent_surrogate_idle_drag_balance
V05-0160_hybrid,adaptive_cycle_plus_hybrid_electric,selected_grid,battery_capacity_Wh=1e+06;cruise_ld=18;hybrid_mass_per_MW_kg=150;max_generator_power_W_total=2e+06;sea_level_static_thrust_N_per_engine=150000;total_electric_power_W=4e+06,descent,-37945.69555148087,True,descent_surrogate_idle_drag_balance
V05-0161_hybrid,adaptive_cycle_plus_hybrid_electric,selected_grid,battery_capacity_Wh=1e+06;cruise_ld=18;hybrid_mass_per_MW_kg=400;max_generator_power_W_total=2e+06;sea_level_static_thrust_N_per_engine=150000;total_electric_power_W=4e+06,descent,-38324.037545867795,True,descent_surrogate_idle_drag_balance
V05-0162_hybrid,adaptive_cycle_plus_hybrid_electric,selected_grid,battery_capacity_Wh=1e+06;cruise_ld=18;hybrid_mass_per_MW_kg=150;max_generator_power_W_total=6e+06;sea_level_static_thrust_N_per_engine=150000;total_electric_power_W=4e+06,descent,-37950.71392063635,True,descent_surrogate_idle_drag_balance
V05-0163_hybrid,adaptive_cycle_plus_hybrid_electric,selected_grid,battery_capacity_Wh=1e+06;cruise_ld=18;hybrid_mass_per_MW_kg=400;max_generator_power_W_total=6e+06;sea_level_static_thrust_N_per_engine=150000;total_electric_power_W=4e+06,descent,-38329.11562756548,True,descent_surrogate_idle_drag_balance
V05-0164_hybrid,adaptive_cycle_plus_hybrid_electric,selected_grid,battery_capacity_Wh=250000;cruise_ld=18;hybrid_mass_per_MW_kg=150;max_generator_power_W_total=2e+06;sea_level_static_thrust_N_per_engine=150000;total_electric_power_W=8e+06,descent,-37055.608894109864,True,descent_surrogate_idle_drag_balance
V05-0165_hybrid,adaptive_cycle_plus_hybrid_electric,selected_grid,battery_capacity_Wh=250000;cruise_ld=18;hybrid_mass_per_MW_kg=400;max_generator_power_W_total=2e+06;sea_level_static_thrust_N_per_engine=150000;total_electric_power_W=8e+06,descent,-37795.26279156832,True,descent_surrogate_idle_drag_balance
V05-0166_hybrid,adaptive_cycle_plus_hybrid_electric,selected_grid,battery_capacity_Wh=250000;cruise_ld=18;hybrid_mass_per_MW_kg=150;max_generator_power_W_total=6e+06;sea_level_static_thrust_N_per_engine=150000;total_electric_power_W=8e+06,descent,-37081.962618573816,True,descent_surrogate_idle_drag_balance
V05-0167_hybrid,adaptive_cycle_plus_hybrid_electric,selected_grid,battery_capacity_Wh=250000;cruise_ld=18;hybrid_mass_per_MW_kg=400;max_generator_power_W_total=6e+06;sea_level_static_thrust_N_per_engine=150000;total_electric_power_W=8e+06,descent,-37821.09199744441,True,descent_surrogate_idle_drag_balance
V05-0168_hybrid,adaptive_cycle_plus_hybrid_electric,selected_grid,battery_capacity_Wh=1e+06;cruise_ld=18;hybrid_mass_per_MW_kg=150;max_generator_power_W_total=2e+06;sea_level_static_thrust_N_per_engine=150000;total_electric_power_W=8e+06,descent,-38170.85471009113,True,descent_surrogate_idle_drag_balance
V05-0169_hybrid,adaptive_cycle_plus_hybrid_electric,selected_grid,battery_capacity_Wh=1e+06;cruise_ld=18;hybrid_mass_per_MW_kg=400;max_generator_power_W_total=2e+06;sea_level_static_thrust_N_per_engine=150000;total_electric_power_W=8e+06,descent,-38937.32365480883,True,descent_surrogate_idle_drag_balance
V05-0170_hybrid,adaptive_cycle_plus_hybrid_electric,selected_grid,battery_capacity_Wh=1e+06;cruise_ld=18;hybrid_mass_per_MW_kg=150;max_generator_power_W_total=6e+06;sea_level_static_thrust_N_per_engine=150000;total_electric_power_W=8e+06,descent,-38197.34421084049,True,descent_surrogate_idle_drag_balance
V05-0171_hybrid,adaptive_cycle_plus_hybrid_electric,selected_grid,battery_capacity_Wh=1e+06;cruise_ld=18;hybrid_mass_per_MW_kg=400;max_generator_power_W_total=6e+06;sea_level_static_thrust_N_per_engine=150000;total_electric_power_W=8e+06,descent,-38963.223685554236,True,descent_surrogate_idle_drag_balance
