case_id,propulsion_case,changed_parameter,changed_value,raw_min_thrust_margin_N,corrected_approach_min_thrust_margin_N,raw_low_thrust_margin,corrected_low_thrust_margin,approach_model_sensitive,sizing_or_schedule_low_thrust,unmet_electric_load_Wh,conclusion_status_corrected
V05-0001_baseline,baseline_fixed_cycle_turbofan,baseline,baseline,-104611.55537619304,-39897.2915536737,True,True,False,True,0.0,rejected_corrected_low_thrust_margin
V05-0001_adaptive,adaptive_cycle_turbofan,baseline,baseline,-102980.47687972552,-39823.36356221416,True,True,False,True,0.0,rejected_corrected_low_thrust_margin
V05-0001_hybrid,adaptive_cycle_plus_hybrid_electric,baseline,baseline,-146505.56341178864,-41330.10106467904,True,True,False,True,287117.0432304107,rejected_corrected_low_thrust_margin
V05-0002_baseline,baseline_fixed_cycle_turbofan,sea_level_static_thrust_N_per_engine,130000.0,-95268.98663567337,-38233.538181132215,True,True,False,True,0.0,rejected_corrected_low_thrust_margin
V05-0002_adaptive,adaptive_cycle_turbofan,sea_level_static_thrust_N_per_engine,130000.0,-93441.65628074823,-38152.16857649371,True,True,False,True,0.0,rejected_corrected_low_thrust_margin
V05-0002_hybrid,adaptive_cycle_plus_hybrid_electric,sea_level_static_thrust_N_per_engine,130000.0,-136976.72253097157,-39660.810574126815,True,True,False,True,287117.0432304107,rejected_corrected_low_thrust_margin
V05-0003_baseline,baseline_fixed_cycle_turbofan,sea_level_static_thrust_N_per_engine,150000.0,-82567.55882627546,-35981.59780710242,True,True,False,True,0.0,rejected_corrected_low_thrust_margin
V05-0003_adaptive,adaptive_cycle_turbofan,sea_level_static_thrust_N_per_engine,150000.0,-80470.90720288726,-35889.251551345245,True,True,False,True,0.0,rejected_corrected_low_thrust_margin
V05-0003_hybrid,adaptive_cycle_plus_hybrid_electric,sea_level_static_thrust_N_per_engine,150000.0,-124030.54698256808,-37401.987996387536,True,True,False,True,287117.0432304107,rejected_corrected_low_thrust_margin
V05-0004_baseline,baseline_fixed_cycle_turbofan,cruise_tsfc_multiplier,0.9,-104412.86717438324,-39860.904733480274,True,True,False,True,0.0,rejected_corrected_low_thrust_margin
V05-0004_adaptive,adaptive_cycle_turbofan,cruise_tsfc_multiplier,0.9,-102811.2587453103,-39792.38123827279,True,True,False,True,0.0,rejected_corrected_low_thrust_margin
V05-0004_hybrid,adaptive_cycle_plus_hybrid_electric,cruise_tsfc_multiplier,0.9,-146329.4045082955,-41297.75191748103,True,True,False,True,287117.0432304107,rejected_corrected_low_thrust_margin
V05-0005_baseline,baseline_fixed_cycle_turbofan,cruise_tsfc_multiplier,1.1,-104810.45243804173,-39933.728111399294,True,True,False,True,0.0,rejected_corrected_low_thrust_margin
V05-0005_adaptive,adaptive_cycle_turbofan,cruise_tsfc_multiplier,1.1,-103149.84759186796,-39854.38219237438,True,True,False,True,0.0,rejected_corrected_low_thrust_margin
V05-0005_hybrid,adaptive_cycle_plus_hybrid_electric,cruise_tsfc_multiplier,1.1,-146681.8638944585,-41362.484843241036,True,True,False,True,287117.0432304107,rejected_corrected_low_thrust_margin
V05-0006_baseline,baseline_fixed_cycle_turbofan,cruise_ld,13.0,-104611.55537619304,-39897.2915536737,True,True,False,True,0.0,rejected_corrected_low_thrust_margin
V05-0006_adaptive,adaptive_cycle_turbofan,cruise_ld,13.0,-102980.47687972552,-39823.36356221416,True,True,False,True,0.0,rejected_corrected_low_thrust_margin
V05-0006_hybrid,adaptive_cycle_plus_hybrid_electric,cruise_ld,13.0,-146505.56341178864,-41330.10106467904,True,True,False,True,287117.0432304107,rejected_corrected_low_thrust_margin
V05-0007_baseline,baseline_fixed_cycle_turbofan,cruise_ld,15.0,-104611.55537619304,-39897.2915536737,True,True,False,True,0.0,rejected_corrected_low_thrust_margin
V05-0007_adaptive,adaptive_cycle_turbofan,cruise_ld,15.0,-102980.47687972552,-39823.36356221416,True,True,False,True,0.0,rejected_corrected_low_thrust_margin
V05-0007_hybrid,adaptive_cycle_plus_hybrid_electric,cruise_ld,15.0,-146505.56341178864,-41330.10106467904,True,True,False,True,287117.0432304107,rejected_corrected_low_thrust_margin
V05-0008_baseline,baseline_fixed_cycle_turbofan,cruise_ld,17.0,-104521.02729188984,-39884.83360130622,True,True,False,True,0.0,rejected_corrected_low_thrust_margin
V05-0008_adaptive,adaptive_cycle_turbofan,cruise_ld,17.0,-102872.83471362563,-39808.55751455427,True,True,False,True,0.0,rejected_corrected_low_thrust_margin
V05-0008_hybrid,adaptive_cycle_plus_hybrid_electric,cruise_ld,17.0,-146512.07139179952,-41330.9960986534,True,True,False,True,287117.0432304107,rejected_corrected_low_thrust_margin
V05-0009_baseline,baseline_fixed_cycle_turbofan,cruise_ld,18.0,-104417.92323798167,-39870.64499366417,True,True,False,True,0.0,rejected_corrected_low_thrust_margin
V05-0009_adaptive,adaptive_cycle_turbofan,cruise_ld,18.0,-102785.80018915544,-39796.586005933525,True,True,False,True,0.0,rejected_corrected_low_thrust_margin
V05-0009_hybrid,adaptive_cycle_plus_hybrid_electric,cruise_ld,18.0,-146375.95025438967,-41312.275521884716,True,True,False,True,287117.0432304107,rejected_corrected_low_thrust_margin
V05-0010_baseline,baseline_fixed_cycle_turbofan,mtow_upper_kg,87500.0,-104611.55537619304,-39897.2915536737,True,True,False,True,0.0,rejected_corrected_low_thrust_margin
V05-0010_adaptive,adaptive_cycle_turbofan,mtow_upper_kg,87500.0,-102980.47687972552,-39823.36356221416,True,True,False,True,0.0,rejected_corrected_low_thrust_margin
V05-0010_hybrid,adaptive_cycle_plus_hybrid_electric,mtow_upper_kg,87500.0,-146505.56341178864,-41330.10106467904,True,True,False,True,287117.0432304107,rejected_corrected_low_thrust_margin
V05-0011_baseline,baseline_fixed_cycle_turbofan,mtow_upper_kg,90000.0,-104611.55537619304,-39897.2915536737,True,True,False,True,0.0,rejected_corrected_low_thrust_margin
V05-0011_adaptive,adaptive_cycle_turbofan,mtow_upper_kg,90000.0,-102980.47687972552,-39823.36356221416,True,True,False,True,0.0,rejected_corrected_low_thrust_margin
V05-0011_hybrid,adaptive_cycle_plus_hybrid_electric,mtow_upper_kg,90000.0,-146505.56341178864,-41330.10106467904,True,True,False,True,287117.0432304107,rejected_corrected_low_thrust_margin
V05-0012_baseline,baseline_fixed_cycle_turbofan,total_electric_power_W,0.0,-104611.55537619304,-39897.2915536737,True,True,False,True,0.0,rejected_corrected_low_thrust_margin
V05-0012_adaptive,adaptive_cycle_turbofan,total_electric_power_W,0.0,-102980.47687972552,-39823.36356221416,True,True,False,True,0.0,rejected_corrected_low_thrust_margin
V05-0012_hybrid,adaptive_cycle_plus_hybrid_electric,total_electric_power_W,0.0,-111203.93638843574,-40954.42536436887,True,True,False,True,0.0,rejected_corrected_low_thrust_margin
V05-0013_baseline,baseline_fixed_cycle_turbofan,total_electric_power_W,2000000.0,-104611.55537619304,-39897.2915536737,True,True,False,True,0.0,rejected_corrected_low_thrust_margin
V05-0013_adaptive,adaptive_cycle_turbofan,total_electric_power_W,2000000.0,-102980.47687972552,-39823.36356221416,True,True,False,True,0.0,rejected_corrected_low_thrust_margin
V05-0013_hybrid,adaptive_cycle_plus_hybrid_electric,total_electric_power_W,2000000.0,-178883.55513546648,-47560.73590853944,True,True,False,True,0.0,rejected_corrected_low_thrust_margin
V05-0014_baseline,baseline_fixed_cycle_turbofan,total_electric_power_W,6000000.0,-104611.55537619304,-39897.2915536737,True,True,False,True,0.0,rejected_corrected_low_thrust_margin
V05-0014_adaptive,adaptive_cycle_turbofan,total_electric_power_W,6000000.0,-102980.47687972552,-39823.36356221416,True,True,False,True,0.0,rejected_corrected_low_thrust_margin
V05-0014_hybrid,adaptive_cycle_plus_hybrid_electric,total_electric_power_W,6000000.0,-160182.61732821786,-94120.74726379325,True,True,False,True,0.0,rejected_corrected_low_thrust_margin
V05-0015_baseline,baseline_fixed_cycle_turbofan,total_electric_power_W,8000000.0,-104611.55537619304,-39897.2915536737,True,True,False,True,0.0,rejected_corrected_low_thrust_margin
V05-0015_adaptive,adaptive_cycle_turbofan,total_electric_power_W,8000000.0,-102980.47687972552,-39823.36356221416,True,True,False,True,0.0,rejected_corrected_low_thrust_margin
V05-0015_hybrid,adaptive_cycle_plus_hybrid_electric,total_electric_power_W,8000000.0,-146459.68075108583,-77057.19997620893,True,True,False,True,56911.91906236186,rejected_corrected_low_thrust_margin
V05-0016_baseline,baseline_fixed_cycle_turbofan,battery_capacity_Wh,250000.0,-104611.55537619304,-39897.2915536737,True,True,False,True,0.0,rejected_corrected_low_thrust_margin
V05-0016_adaptive,adaptive_cycle_turbofan,battery_capacity_Wh,250000.0,-102980.47687972552,-39823.36356221416,True,True,False,True,0.0,rejected_corrected_low_thrust_margin
V05-0016_hybrid,adaptive_cycle_plus_hybrid_electric,battery_capacity_Wh,250000.0,-148370.73627487203,-40967.66373910538,True,True,False,True,452453.33499661664,rejected_corrected_low_thrust_margin
V05-0017_baseline,baseline_fixed_cycle_turbofan,battery_capacity_Wh,1000000.0,-104611.55537619304,-39897.2915536737,True,True,False,True,0.0,rejected_corrected_low_thrust_margin
V05-0017_adaptive,adaptive_cycle_turbofan,battery_capacity_Wh,1000000.0,-102980.47687972552,-39823.36356221416,True,True,False,True,0.0,rejected_corrected_low_thrust_margin
V05-0017_hybrid,adaptive_cycle_plus_hybrid_electric,battery_capacity_Wh,1000000.0,-140938.0470509431,-42068.16183832049,True,True,False,True,8000.0,rejected_corrected_low_thrust_margin
V05-0018_baseline,baseline_fixed_cycle_turbofan,max_generator_power_W_total,2000000.0,-104611.55537619304,-39897.2915536737,True,True,False,True,0.0,rejected_corrected_low_thrust_margin
V05-0018_adaptive,adaptive_cycle_turbofan,max_generator_power_W_total,2000000.0,-102980.47687972552,-39823.36356221416,True,True,False,True,0.0,rejected_corrected_low_thrust_margin
V05-0018_hybrid,adaptive_cycle_plus_hybrid_electric,max_generator_power_W_total,2000000.0,-169777.62432557126,-41332.74771753933,True,True,False,True,0.0,rejected_corrected_low_thrust_margin
V05-0019_baseline,baseline_fixed_cycle_turbofan,max_generator_power_W_total,4000000.0,-104611.55537619304,-39897.2915536737,True,True,False,True,0.0,rejected_corrected_low_thrust_margin
V05-0019_adaptive,adaptive_cycle_turbofan,max_generator_power_W_total,4000000.0,-102980.47687972552,-39823.36356221416,True,True,False,True,0.0,rejected_corrected_low_thrust_margin
V05-0019_hybrid,adaptive_cycle_plus_hybrid_electric,max_generator_power_W_total,4000000.0,-169813.04764992965,-51756.53075580331,True,True,False,True,0.0,rejected_corrected_low_thrust_margin
V05-0020_baseline,baseline_fixed_cycle_turbofan,max_generator_power_W_total,8000000.0,-104611.55537619304,-39897.2915536737,True,True,False,True,0.0,rejected_corrected_low_thrust_margin
V05-0020_adaptive,adaptive_cycle_turbofan,max_generator_power_W_total,8000000.0,-102980.47687972552,-39823.36356221416,True,True,False,True,0.0,rejected_corrected_low_thrust_margin
V05-0020_hybrid,adaptive_cycle_plus_hybrid_electric,max_generator_power_W_total,8000000.0,-169813.04764992965,-51756.53075580331,True,True,False,True,0.0,rejected_corrected_low_thrust_margin
V05-0021_baseline,baseline_fixed_cycle_turbofan,hybrid_mass_per_MW_kg,150.0,-104611.55537619304,-39897.2915536737,True,True,False,True,0.0,rejected_corrected_low_thrust_margin
V05-0021_adaptive,adaptive_cycle_turbofan,hybrid_mass_per_MW_kg,150.0,-102980.47687972552,-39823.36356221416,True,True,False,True,0.0,rejected_corrected_low_thrust_margin
V05-0021_hybrid,adaptive_cycle_plus_hybrid_electric,hybrid_mass_per_MW_kg,150.0,-145447.59201470713,-41184.598689549806,True,True,False,True,287117.0432304107,rejected_corrected_low_thrust_margin
V05-0022_baseline,baseline_fixed_cycle_turbofan,hybrid_mass_per_MW_kg,400.0,-104611.55537619304,-39897.2915536737,True,True,False,True,0.0,rejected_corrected_low_thrust_margin
V05-0022_adaptive,adaptive_cycle_turbofan,hybrid_mass_per_MW_kg,400.0,-102980.47687972552,-39823.36356221416,True,True,False,True,0.0,rejected_corrected_low_thrust_margin
V05-0022_hybrid,adaptive_cycle_plus_hybrid_electric,hybrid_mass_per_MW_kg,400.0,-148102.1342512753,-41549.673239622294,True,True,False,True,287117.0432304107,rejected_corrected_low_thrust_margin
V05-0023_baseline,baseline_fixed_cycle_turbofan,blown_flap_clmax_increment_fraction,0.1,-104611.55537619304,-39897.2915536737,True,True,False,True,0.0,rejected_corrected_low_thrust_margin
V05-0023_adaptive,adaptive_cycle_turbofan,blown_flap_clmax_increment_fraction,0.1,-102980.47687972552,-39823.36356221416,True,True,False,True,0.0,rejected_corrected_low_thrust_margin
V05-0023_hybrid,adaptive_cycle_plus_hybrid_electric,blown_flap_clmax_increment_fraction,0.1,-146505.56341178864,-41330.10106467904,True,True,False,True,287117.0432304107,rejected_corrected_low_thrust_margin
V05-0024_baseline,baseline_fixed_cycle_turbofan,blown_flap_clmax_increment_fraction,0.2,-104611.55537619304,-39897.2915536737,True,True,False,True,0.0,rejected_corrected_low_thrust_margin
V05-0024_adaptive,adaptive_cycle_turbofan,blown_flap_clmax_increment_fraction,0.2,-102980.47687972552,-39823.36356221416,True,True,False,True,0.0,rejected_corrected_low_thrust_margin
V05-0024_hybrid,adaptive_cycle_plus_hybrid_electric,blown_flap_clmax_increment_fraction,0.2,-146505.56341178864,-41330.10106467904,True,True,False,True,287117.0432304107,rejected_corrected_low_thrust_margin
V05-0025_baseline,baseline_fixed_cycle_turbofan,blown_flap_clmax_increment_fraction,0.4,-104611.55537619304,-39897.2915536737,True,True,False,True,0.0,rejected_corrected_low_thrust_margin
V05-0025_adaptive,adaptive_cycle_turbofan,blown_flap_clmax_increment_fraction,0.4,-102980.47687972552,-39823.36356221416,True,True,False,True,0.0,rejected_corrected_low_thrust_margin
V05-0025_hybrid,adaptive_cycle_plus_hybrid_electric,blown_flap_clmax_increment_fraction,0.4,-146505.56341178864,-41330.10106467904,True,True,False,True,287117.0432304107,rejected_corrected_low_thrust_margin
V05-0026_baseline,baseline_fixed_cycle_turbofan,approach_descent_angle_deg,-2.5,-104611.55537619304,-39897.2915536737,True,True,False,True,0.0,rejected_corrected_low_thrust_margin
V05-0026_adaptive,adaptive_cycle_turbofan,approach_descent_angle_deg,-2.5,-102980.47687972552,-39823.36356221416,True,True,False,True,0.0,rejected_corrected_low_thrust_margin
V05-0026_hybrid,adaptive_cycle_plus_hybrid_electric,approach_descent_angle_deg,-2.5,-146505.56341178864,-41330.10106467904,True,True,False,True,287117.0432304107,rejected_corrected_low_thrust_margin
V05-0027_baseline,baseline_fixed_cycle_turbofan,approach_descent_angle_deg,-3.5,-104611.55537619304,-39897.2915536737,True,True,False,True,0.0,rejected_corrected_low_thrust_margin
V05-0027_adaptive,adaptive_cycle_turbofan,approach_descent_angle_deg,-3.5,-102980.47687972552,-39823.36356221416,True,True,False,True,0.0,rejected_corrected_low_thrust_margin
V05-0027_hybrid,adaptive_cycle_plus_hybrid_electric,approach_descent_angle_deg,-3.5,-146505.56341178864,-41330.10106467904,True,True,False,True,287117.0432304107,rejected_corrected_low_thrust_margin
V05-0028_hybrid,adaptive_cycle_plus_hybrid_electric,selected_grid,battery_capacity_Wh=250000;cruise_ld=15;hybrid_mass_per_MW_kg=150;max_generator_power_W_total=2e+06;sea_level_static_thrust_N_per_engine=115000;total_electric_power_W=0,-108598.74510943069,-40596.11857131867,True,True,False,True,0.0,rejected_corrected_low_thrust_margin
V05-0029_hybrid,adaptive_cycle_plus_hybrid_electric,selected_grid,battery_capacity_Wh=250000;cruise_ld=15;hybrid_mass_per_MW_kg=400;max_generator_power_W_total=2e+06;sea_level_static_thrust_N_per_engine=115000;total_electric_power_W=0,-108598.74510943069,-40596.11857131867,True,True,False,True,0.0,rejected_corrected_low_thrust_margin
V05-0030_hybrid,adaptive_cycle_plus_hybrid_electric,selected_grid,battery_capacity_Wh=250000;cruise_ld=15;hybrid_mass_per_MW_kg=150;max_generator_power_W_total=6e+06;sea_level_static_thrust_N_per_engine=115000;total_electric_power_W=0,-108598.74510943069,-40596.11857131867,True,True,False,True,0.0,rejected_corrected_low_thrust_margin
V05-0031_hybrid,adaptive_cycle_plus_hybrid_electric,selected_grid,battery_capacity_Wh=250000;cruise_ld=15;hybrid_mass_per_MW_kg=400;max_generator_power_W_total=6e+06;sea_level_static_thrust_N_per_engine=115000;total_electric_power_W=0,-108598.74510943069,-40596.11857131867,True,True,False,True,0.0,rejected_corrected_low_thrust_margin
V05-0032_hybrid,adaptive_cycle_plus_hybrid_electric,selected_grid,battery_capacity_Wh=1e+06;cruise_ld=15;hybrid_mass_per_MW_kg=150;max_generator_power_W_total=2e+06;sea_level_static_thrust_N_per_engine=115000;total_electric_power_W=0,-116510.76037826852,-41684.266795186035,True,True,False,True,0.0,rejected_corrected_low_thrust_margin
V05-0033_hybrid,adaptive_cycle_plus_hybrid_electric,selected_grid,battery_capacity_Wh=1e+06;cruise_ld=15;hybrid_mass_per_MW_kg=400;max_generator_power_W_total=2e+06;sea_level_static_thrust_N_per_engine=115000;total_electric_power_W=0,-116510.76037826852,-41684.266795186035,True,True,False,True,0.0,rejected_corrected_low_thrust_margin
V05-0034_hybrid,adaptive_cycle_plus_hybrid_electric,selected_grid,battery_capacity_Wh=1e+06;cruise_ld=15;hybrid_mass_per_MW_kg=150;max_generator_power_W_total=6e+06;sea_level_static_thrust_N_per_engine=115000;total_electric_power_W=0,-116510.76037826852,-41684.266795186035,True,True,False,True,0.0,rejected_corrected_low_thrust_margin
V05-0035_hybrid,adaptive_cycle_plus_hybrid_electric,selected_grid,battery_capacity_Wh=1e+06;cruise_ld=15;hybrid_mass_per_MW_kg=400;max_generator_power_W_total=6e+06;sea_level_static_thrust_N_per_engine=115000;total_electric_power_W=0,-116510.76037826852,-41684.266795186035,True,True,False,True,0.0,rejected_corrected_low_thrust_margin
V05-0036_hybrid,adaptive_cycle_plus_hybrid_electric,selected_grid,battery_capacity_Wh=250000;cruise_ld=15;hybrid_mass_per_MW_kg=150;max_generator_power_W_total=2e+06;sea_level_static_thrust_N_per_engine=115000;total_electric_power_W=4e+06,-171957.77221355223,-40826.521503953554,True,True,False,True,149610.959531181,rejected_corrected_low_thrust_margin
V05-0037_hybrid,adaptive_cycle_plus_hybrid_electric,selected_grid,battery_capacity_Wh=250000;cruise_ld=15;hybrid_mass_per_MW_kg=400;max_generator_power_W_total=2e+06;sea_level_static_thrust_N_per_engine=115000;total_electric_power_W=4e+06,-174580.5012271699,-41355.94072731005,True,True,False,True,149610.959531181,rejected_corrected_low_thrust_margin
V05-0038_hybrid,adaptive_cycle_plus_hybrid_electric,selected_grid,battery_capacity_Wh=250000;cruise_ld=15;hybrid_mass_per_MW_kg=150;max_generator_power_W_total=6e+06;sea_level_static_thrust_N_per_engine=115000;total_electric_power_W=4e+06,-166131.65489473857,-49559.8411558033,True,True,False,True,0.0,rejected_corrected_low_thrust_margin
V05-0039_hybrid,adaptive_cycle_plus_hybrid_electric,selected_grid,battery_capacity_Wh=250000;cruise_ld=15;hybrid_mass_per_MW_kg=400;max_generator_power_W_total=6e+06;sea_level_static_thrust_N_per_engine=115000;total_electric_power_W=4e+06,-168754.81198587024,-51128.90515580331,True,True,False,True,0.0,rejected_corrected_low_thrust_margin
V05-0040_hybrid,adaptive_cycle_plus_hybrid_electric,selected_grid,battery_capacity_Wh=1e+06;cruise_ld=15;hybrid_mass_per_MW_kg=150;max_generator_power_W_total=2e+06;sea_level_static_thrust_N_per_engine=115000;total_electric_power_W=4e+06,-174061.1553583963,-41921.84085963268,True,True,False,True,0.0,rejected_corrected_low_thrust_margin
V05-0041_hybrid,adaptive_cycle_plus_hybrid_electric,selected_grid,battery_capacity_Wh=1e+06;cruise_ld=15;hybrid_mass_per_MW_kg=400;max_generator_power_W_total=2e+06;sea_level_static_thrust_N_per_engine=115000;total_electric_power_W=4e+06,-176780.02181065746,-42295.73805985517,True,True,False,True,0.0,rejected_corrected_low_thrust_margin
V05-0042_hybrid,adaptive_cycle_plus_hybrid_electric,selected_grid,battery_capacity_Wh=1e+06;cruise_ld=15;hybrid_mass_per_MW_kg=150;max_generator_power_W_total=6e+06;sea_level_static_thrust_N_per_engine=115000;total_electric_power_W=4e+06,-174097.26360677712,-54267.03315580331,True,True,False,True,0.0,rejected_corrected_low_thrust_margin
V05-0043_hybrid,adaptive_cycle_plus_hybrid_electric,selected_grid,battery_capacity_Wh=1e+06;cruise_ld=15;hybrid_mass_per_MW_kg=400;max_generator_power_W_total=6e+06;sea_level_static_thrust_N_per_engine=115000;total_electric_power_W=4e+06,-176816.55813655237,-55836.09715580329,True,True,False,True,0.0,rejected_corrected_low_thrust_margin
V05-0044_hybrid,adaptive_cycle_plus_hybrid_electric,selected_grid,battery_capacity_Wh=250000;cruise_ld=15;hybrid_mass_per_MW_kg=150;max_generator_power_W_total=2e+06;sea_level_static_thrust_N_per_engine=115000;total_electric_power_W=8e+06,-178269.8664258883,-47502.78714763286,True,True,False,True,1446094.3793569778,rejected_corrected_low_thrust_margin
V05-0045_hybrid,adaptive_cycle_plus_hybrid_electric,selected_grid,battery_capacity_Wh=250000;cruise_ld=15;hybrid_mass_per_MW_kg=400;max_generator_power_W_total=2e+06;sea_level_static_thrust_N_per_engine=115000;total_electric_power_W=8e+06,-183585.82524146215,-49400.08368561877,True,True,False,True,1446094.3793569778,rejected_corrected_low_thrust_margin
V05-0046_hybrid,adaptive_cycle_plus_hybrid_electric,selected_grid,battery_capacity_Wh=250000;cruise_ld=15;hybrid_mass_per_MW_kg=150;max_generator_power_W_total=6e+06;sea_level_static_thrust_N_per_engine=115000;total_electric_power_W=8e+06,-153553.9884493109,-74232.88477620891,True,True,False,True,222248.2108285679,rejected_corrected_low_thrust_margin
V05-0047_hybrid,adaptive_cycle_plus_hybrid_electric,selected_grid,battery_capacity_Wh=250000;cruise_ld=15;hybrid_mass_per_MW_kg=400;max_generator_power_W_total=6e+06;sea_level_static_thrust_N_per_engine=115000;total_electric_power_W=8e+06,-158871.66958569144,-77371.01277620891,True,True,False,True,222248.2108285679,rejected_corrected_low_thrust_margin
V05-0048_hybrid,adaptive_cycle_plus_hybrid_electric,selected_grid,battery_capacity_Wh=1e+06;cruise_ld=15;hybrid_mass_per_MW_kg=150;max_generator_power_W_total=2e+06;sea_level_static_thrust_N_per_engine=115000;total_electric_power_W=8e+06,-176394.01641216702,-42145.651734866406,True,True,False,True,950085.5040583595,rejected_corrected_low_thrust_margin
V05-0049_hybrid,adaptive_cycle_plus_hybrid_electric,selected_grid,battery_capacity_Wh=1e+06;cruise_ld=15;hybrid_mass_per_MW_kg=400;max_generator_power_W_total=2e+06;sea_level_static_thrust_N_per_engine=115000;total_electric_power_W=8e+06,-181902.25010502798,-42903.11595847373,True,True,False,True,950085.5040583595,rejected_corrected_low_thrust_margin
V05-0050_hybrid,adaptive_cycle_plus_hybrid_electric,selected_grid,battery_capacity_Wh=1e+06;cruise_ld=15;hybrid_mass_per_MW_kg=150;max_generator_power_W_total=6e+06;sea_level_static_thrust_N_per_engine=115000;total_electric_power_W=8e+06,-145616.71237149564,-78940.07677620892,True,True,False,True,0.0,rejected_corrected_low_thrust_margin
V05-0051_hybrid,adaptive_cycle_plus_hybrid_electric,selected_grid,battery_capacity_Wh=1e+06;cruise_ld=15;hybrid_mass_per_MW_kg=400;max_generator_power_W_total=6e+06;sea_level_static_thrust_N_per_engine=115000;total_electric_power_W=8e+06,-151126.66838516324,-82078.20477620892,True,True,False,True,0.0,rejected_corrected_low_thrust_margin
V05-0052_hybrid,adaptive_cycle_plus_hybrid_electric,selected_grid,battery_capacity_Wh=250000;cruise_ld=18;hybrid_mass_per_MW_kg=150;max_generator_power_W_total=2e+06;sea_level_static_thrust_N_per_engine=115000;total_electric_power_W=0,-108438.87295227003,-40574.13004634717,True,True,False,True,0.0,rejected_corrected_low_thrust_margin
V05-0053_hybrid,adaptive_cycle_plus_hybrid_electric,selected_grid,battery_capacity_Wh=250000;cruise_ld=18;hybrid_mass_per_MW_kg=400;max_generator_power_W_total=2e+06;sea_level_static_thrust_N_per_engine=115000;total_electric_power_W=0,-108438.87295227003,-40574.13004634717,True,True,False,True,0.0,rejected_corrected_low_thrust_margin
V05-0054_hybrid,adaptive_cycle_plus_hybrid_electric,selected_grid,battery_capacity_Wh=250000;cruise_ld=18;hybrid_mass_per_MW_kg=150;max_generator_power_W_total=6e+06;sea_level_static_thrust_N_per_engine=115000;total_electric_power_W=0,-108438.87295227003,-40574.13004634717,True,True,False,True,0.0,rejected_corrected_low_thrust_margin
V05-0055_hybrid,adaptive_cycle_plus_hybrid_electric,selected_grid,battery_capacity_Wh=250000;cruise_ld=18;hybrid_mass_per_MW_kg=400;max_generator_power_W_total=6e+06;sea_level_static_thrust_N_per_engine=115000;total_electric_power_W=0,-108438.87295227003,-40574.13004634717,True,True,False,True,0.0,rejected_corrected_low_thrust_margin
V05-0056_hybrid,adaptive_cycle_plus_hybrid_electric,selected_grid,battery_capacity_Wh=1e+06;cruise_ld=18;hybrid_mass_per_MW_kg=150;max_generator_power_W_total=2e+06;sea_level_static_thrust_N_per_engine=115000;total_electric_power_W=0,-116396.13118320919,-41668.50246948452,True,True,False,True,0.0,rejected_corrected_low_thrust_margin
V05-0057_hybrid,adaptive_cycle_plus_hybrid_electric,selected_grid,battery_capacity_Wh=1e+06;cruise_ld=18;hybrid_mass_per_MW_kg=400;max_generator_power_W_total=2e+06;sea_level_static_thrust_N_per_engine=115000;total_electric_power_W=0,-116396.13118320919,-41668.50246948452,True,True,False,True,0.0,rejected_corrected_low_thrust_margin
V05-0058_hybrid,adaptive_cycle_plus_hybrid_electric,selected_grid,battery_capacity_Wh=1e+06;cruise_ld=18;hybrid_mass_per_MW_kg=150;max_generator_power_W_total=6e+06;sea_level_static_thrust_N_per_engine=115000;total_electric_power_W=0,-116396.13118320919,-41668.50246948452,True,True,False,True,0.0,rejected_corrected_low_thrust_margin
V05-0059_hybrid,adaptive_cycle_plus_hybrid_electric,selected_grid,battery_capacity_Wh=1e+06;cruise_ld=18;hybrid_mass_per_MW_kg=400;max_generator_power_W_total=6e+06;sea_level_static_thrust_N_per_engine=115000;total_electric_power_W=0,-116396.13118320919,-41668.50246948452,True,True,False,True,0.0,rejected_corrected_low_thrust_margin
V05-0060_hybrid,adaptive_cycle_plus_hybrid_electric,selected_grid,battery_capacity_Wh=250000;cruise_ld=18;hybrid_mass_per_MW_kg=150;max_generator_power_W_total=2e+06;sea_level_static_thrust_N_per_engine=115000;total_electric_power_W=4e+06,-171806.75896304674,-40805.751872479144,True,True,False,True,149610.959531181,rejected_corrected_low_thrust_margin
V05-0061_hybrid,adaptive_cycle_plus_hybrid_electric,selected_grid,battery_capacity_Wh=250000;cruise_ld=18;hybrid_mass_per_MW_kg=400;max_generator_power_W_total=2e+06;sea_level_static_thrust_N_per_engine=115000;total_electric_power_W=4e+06,-174444.77134346394,-41307.697166693804,True,True,False,True,149610.959531181,rejected_corrected_low_thrust_margin
V05-0062_hybrid,adaptive_cycle_plus_hybrid_electric,selected_grid,battery_capacity_Wh=250000;cruise_ld=18;hybrid_mass_per_MW_kg=150;max_generator_power_W_total=6e+06;sea_level_static_thrust_N_per_engine=115000;total_electric_power_W=4e+06,-165980.84304973736,-48212.680862765,True,True,False,True,0.0,rejected_corrected_low_thrust_margin
V05-0063_hybrid,adaptive_cycle_plus_hybrid_electric,selected_grid,battery_capacity_Wh=250000;cruise_ld=18;hybrid_mass_per_MW_kg=400;max_generator_power_W_total=6e+06;sea_level_static_thrust_N_per_engine=115000;total_electric_power_W=4e+06,-168619.28909077327,-49933.06854784276,True,True,False,True,0.0,rejected_corrected_low_thrust_margin
V05-0064_hybrid,adaptive_cycle_plus_hybrid_electric,selected_grid,battery_capacity_Wh=1e+06;cruise_ld=18;hybrid_mass_per_MW_kg=150;max_generator_power_W_total=2e+06;sea_level_static_thrust_N_per_engine=115000;total_electric_power_W=4e+06,-173957.24605918876,-41907.551072418064,True,True,False,True,0.0,rejected_corrected_low_thrust_margin
V05-0065_hybrid,adaptive_cycle_plus_hybrid_electric,selected_grid,battery_capacity_Wh=1e+06;cruise_ld=18;hybrid_mass_per_MW_kg=400;max_generator_power_W_total=2e+06;sea_level_static_thrust_N_per_engine=115000;total_electric_power_W=4e+06,-176692.6497291487,-42283.722872083075,True,True,False,True,0.0,rejected_corrected_low_thrust_margin
V05-0066_hybrid,adaptive_cycle_plus_hybrid_electric,selected_grid,battery_capacity_Wh=1e+06;cruise_ld=18;hybrid_mass_per_MW_kg=150;max_generator_power_W_total=6e+06;sea_level_static_thrust_N_per_engine=115000;total_electric_power_W=4e+06,-173993.57246238764,-53373.84391799831,True,True,False,True,0.0,rejected_corrected_low_thrust_margin
V05-0067_hybrid,adaptive_cycle_plus_hybrid_electric,selected_grid,battery_capacity_Wh=1e+06;cruise_ld=18;hybrid_mass_per_MW_kg=400;max_generator_power_W_total=6e+06;sea_level_static_thrust_N_per_engine=115000;total_electric_power_W=4e+06,-176729.4097929663,-55094.2316030761,True,True,False,True,0.0,rejected_corrected_low_thrust_margin
V05-0068_hybrid,adaptive_cycle_plus_hybrid_electric,selected_grid,battery_capacity_Wh=250000;cruise_ld=18;hybrid_mass_per_MW_kg=150;max_generator_power_W_total=2e+06;sea_level_static_thrust_N_per_engine=115000;total_electric_power_W=8e+06,-178127.97304142657,-47452.48808919013,True,True,False,True,1446094.3793569778,rejected_corrected_low_thrust_margin
V05-0069_hybrid,adaptive_cycle_plus_hybrid_electric,selected_grid,battery_capacity_Wh=250000;cruise_ld=18;hybrid_mass_per_MW_kg=400;max_generator_power_W_total=2e+06;sea_level_static_thrust_N_per_engine=115000;total_electric_power_W=8e+06,-183475.41808125903,-49360.42991257241,True,True,False,True,1446094.3793569778,rejected_corrected_low_thrust_margin
V05-0070_hybrid,adaptive_cycle_plus_hybrid_electric,selected_grid,battery_capacity_Wh=250000;cruise_ld=18;hybrid_mass_per_MW_kg=150;max_generator_power_W_total=6e+06;sea_level_static_thrust_N_per_engine=115000;total_electric_power_W=8e+06,-153412.5070456171,-72978.56375698392,True,True,False,True,222248.2108285679,rejected_corrected_low_thrust_margin
V05-0071_hybrid,adaptive_cycle_plus_hybrid_electric,selected_grid,battery_capacity_Wh=250000;cruise_ld=18;hybrid_mass_per_MW_kg=400;max_generator_power_W_total=6e+06;sea_level_static_thrust_N_per_engine=115000;total_electric_power_W=8e+06,-158761.69686923758,-76419.33912713946,True,True,False,True,222248.2108285679,rejected_corrected_low_thrust_margin
V05-0072_hybrid,adaptive_cycle_plus_hybrid_electric,selected_grid,battery_capacity_Wh=1e+06;cruise_ld=18;hybrid_mass_per_MW_kg=150;max_generator_power_W_total=2e+06;sea_level_static_thrust_N_per_engine=115000;total_electric_power_W=8e+06,-176299.97928954277,-42132.71982823596,True,True,False,True,950085.5040583595,rejected_corrected_low_thrust_margin
V05-0073_hybrid,adaptive_cycle_plus_hybrid_electric,selected_grid,battery_capacity_Wh=1e+06;cruise_ld=18;hybrid_mass_per_MW_kg=400;max_generator_power_W_total=2e+06;sea_level_static_thrust_N_per_engine=115000;total_electric_power_W=8e+06,-181842.20690846068,-42894.859367219906,True,True,False,True,950085.5040583595,rejected_corrected_low_thrust_margin
V05-0074_hybrid,adaptive_cycle_plus_hybrid_electric,selected_grid,battery_capacity_Wh=1e+06;cruise_ld=18;hybrid_mass_per_MW_kg=150;max_generator_power_W_total=6e+06;sea_level_static_thrust_N_per_engine=115000;total_electric_power_W=8e+06,-145523.12092411137,-78139.72681221722,True,True,False,True,0.0,rejected_corrected_low_thrust_margin
V05-0075_hybrid,adaptive_cycle_plus_hybrid_electric,selected_grid,battery_capacity_Wh=1e+06;cruise_ld=18;hybrid_mass_per_MW_kg=400;max_generator_power_W_total=6e+06;sea_level_static_thrust_N_per_engine=115000;total_electric_power_W=8e+06,-151067.09332681732,-81580.5021823728,True,True,False,True,0.0,rejected_corrected_low_thrust_margin
V05-0076_hybrid,adaptive_cycle_plus_hybrid_electric,selected_grid,battery_capacity_Wh=250000;cruise_ld=15;hybrid_mass_per_MW_kg=150;max_generator_power_W_total=2e+06;sea_level_static_thrust_N_per_engine=130000;total_electric_power_W=0,-99016.21289793676,-38919.18539972878,True,True,False,True,0.0,rejected_corrected_low_thrust_margin
V05-0077_hybrid,adaptive_cycle_plus_hybrid_electric,selected_grid,battery_capacity_Wh=250000;cruise_ld=15;hybrid_mass_per_MW_kg=400;max_generator_power_W_total=2e+06;sea_level_static_thrust_N_per_engine=130000;total_electric_power_W=0,-99016.21289793676,-38919.18539972878,True,True,False,True,0.0,rejected_corrected_low_thrust_margin
V05-0078_hybrid,adaptive_cycle_plus_hybrid_electric,selected_grid,battery_capacity_Wh=250000;cruise_ld=15;hybrid_mass_per_MW_kg=150;max_generator_power_W_total=6e+06;sea_level_static_thrust_N_per_engine=130000;total_electric_power_W=0,-99016.21289793676,-38919.18539972878,True,True,False,True,0.0,rejected_corrected_low_thrust_margin
V05-0079_hybrid,adaptive_cycle_plus_hybrid_electric,selected_grid,battery_capacity_Wh=250000;cruise_ld=15;hybrid_mass_per_MW_kg=400;max_generator_power_W_total=6e+06;sea_level_static_thrust_N_per_engine=130000;total_electric_power_W=0,-99016.21289793676,-38919.18539972878,True,True,False,True,0.0,rejected_corrected_low_thrust_margin
V05-0080_hybrid,adaptive_cycle_plus_hybrid_electric,selected_grid,battery_capacity_Wh=1e+06;cruise_ld=15;hybrid_mass_per_MW_kg=150;max_generator_power_W_total=2e+06;sea_level_static_thrust_N_per_engine=130000;total_electric_power_W=0,-106986.3324935339,-40015.70454643761,True,True,False,True,0.0,rejected_corrected_low_thrust_margin
V05-0081_hybrid,adaptive_cycle_plus_hybrid_electric,selected_grid,battery_capacity_Wh=1e+06;cruise_ld=15;hybrid_mass_per_MW_kg=400;max_generator_power_W_total=2e+06;sea_level_static_thrust_N_per_engine=130000;total_electric_power_W=0,-106986.3324935339,-40015.70454643761,True,True,False,True,0.0,rejected_corrected_low_thrust_margin
V05-0082_hybrid,adaptive_cycle_plus_hybrid_electric,selected_grid,battery_capacity_Wh=1e+06;cruise_ld=15;hybrid_mass_per_MW_kg=150;max_generator_power_W_total=6e+06;sea_level_static_thrust_N_per_engine=130000;total_electric_power_W=0,-106986.3324935339,-40015.70454643761,True,True,False,True,0.0,rejected_corrected_low_thrust_margin
V05-0083_hybrid,adaptive_cycle_plus_hybrid_electric,selected_grid,battery_capacity_Wh=1e+06;cruise_ld=15;hybrid_mass_per_MW_kg=400;max_generator_power_W_total=6e+06;sea_level_static_thrust_N_per_engine=130000;total_electric_power_W=0,-106986.3324935339,-40015.70454643761,True,True,False,True,0.0,rejected_corrected_low_thrust_margin
V05-0084_hybrid,adaptive_cycle_plus_hybrid_electric,selected_grid,battery_capacity_Wh=250000;cruise_ld=15;hybrid_mass_per_MW_kg=150;max_generator_power_W_total=2e+06;sea_level_static_thrust_N_per_engine=130000;total_electric_power_W=4e+06,-170130.57508110476,-39155.22271348979,True,True,False,True,149610.959531181,rejected_corrected_low_thrust_margin
V05-0085_hybrid,adaptive_cycle_plus_hybrid_electric,selected_grid,battery_capacity_Wh=250000;cruise_ld=15;hybrid_mass_per_MW_kg=400;max_generator_power_W_total=2e+06;sea_level_static_thrust_N_per_engine=130000;total_electric_power_W=4e+06,-172835.40401418894,-39527.35436352727,True,True,False,True,149610.959531181,rejected_corrected_low_thrust_margin
V05-0086_hybrid,adaptive_cycle_plus_hybrid_electric,selected_grid,battery_capacity_Wh=250000;cruise_ld=15;hybrid_mass_per_MW_kg=150;max_generator_power_W_total=6e+06;sea_level_static_thrust_N_per_engine=130000;total_electric_power_W=4e+06,-166596.2921431999,-39160.06561922059,True,True,False,True,0.0,rejected_corrected_low_thrust_margin
V05-0087_hybrid,adaptive_cycle_plus_hybrid_electric,selected_grid,battery_capacity_Wh=250000;cruise_ld=15;hybrid_mass_per_MW_kg=400;max_generator_power_W_total=6e+06;sea_level_static_thrust_N_per_engine=130000;total_electric_power_W=4e+06,-169301.08126993527,-39532.19160679098,True,True,False,True,0.0,rejected_corrected_low_thrust_margin
V05-0088_hybrid,adaptive_cycle_plus_hybrid_electric,selected_grid,battery_capacity_Wh=1e+06;cruise_ld=15;hybrid_mass_per_MW_kg=150;max_generator_power_W_total=2e+06;sea_level_static_thrust_N_per_engine=130000;total_electric_power_W=4e+06,-172300.48007208025,-40260.069826003055,True,True,False,True,0.0,rejected_corrected_low_thrust_margin
V05-0089_hybrid,adaptive_cycle_plus_hybrid_electric,selected_grid,battery_capacity_Wh=1e+06;cruise_ld=15;hybrid_mass_per_MW_kg=400;max_generator_power_W_total=2e+06;sea_level_static_thrust_N_per_engine=130000;total_electric_power_W=4e+06,-175028.7526433994,-40635.38624573484,True,True,False,True,0.0,rejected_corrected_low_thrust_margin
V05-0090_hybrid,adaptive_cycle_plus_hybrid_electric,selected_grid,battery_capacity_Wh=1e+06;cruise_ld=15;hybrid_mass_per_MW_kg=150;max_generator_power_W_total=6e+06;sea_level_static_thrust_N_per_engine=130000;total_electric_power_W=4e+06,-174628.17198294585,-40265.05437734272,True,True,False,True,0.0,rejected_corrected_low_thrust_margin
V05-0091_hybrid,adaptive_cycle_plus_hybrid_electric,selected_grid,battery_capacity_Wh=1e+06;cruise_ld=15;hybrid_mass_per_MW_kg=400;max_generator_power_W_total=6e+06;sea_level_static_thrust_N_per_engine=130000;total_electric_power_W=4e+06,-177356.87369571358,-40640.42965775622,True,True,False,True,0.0,rejected_corrected_low_thrust_margin
V05-0092_hybrid,adaptive_cycle_plus_hybrid_electric,selected_grid,battery_capacity_Wh=250000;cruise_ld=15;hybrid_mass_per_MW_kg=150;max_generator_power_W_total=2e+06;sea_level_static_thrust_N_per_engine=130000;total_electric_power_W=8e+06,-176456.9661040726,-45381.10489916109,True,True,False,True,1446094.3793569778,rejected_corrected_low_thrust_margin
V05-0093_hybrid,adaptive_cycle_plus_hybrid_electric,selected_grid,battery_capacity_Wh=250000;cruise_ld=15;hybrid_mass_per_MW_kg=400;max_generator_power_W_total=2e+06;sea_level_static_thrust_N_per_engine=130000;total_electric_power_W=8e+06,-181818.89654500122,-47297.155431037856,True,True,False,True,1446094.3793569778,rejected_corrected_low_thrust_margin
V05-0094_hybrid,adaptive_cycle_plus_hybrid_electric,selected_grid,battery_capacity_Wh=250000;cruise_ld=15;hybrid_mass_per_MW_kg=150;max_generator_power_W_total=6e+06;sea_level_static_thrust_N_per_engine=130000;total_electric_power_W=8e+06,-154086.69079235394,-56599.006886100906,True,True,False,True,222248.2108285679,rejected_corrected_low_thrust_margin
V05-0095_hybrid,adaptive_cycle_plus_hybrid_electric,selected_grid,battery_capacity_Wh=250000;cruise_ld=15;hybrid_mass_per_MW_kg=400;max_generator_power_W_total=6e+06;sea_level_static_thrust_N_per_engine=130000;total_electric_power_W=8e+06,-159408.32706444728,-59952.65616309071,True,True,False,True,222248.2108285679,rejected_corrected_low_thrust_margin
V05-0096_hybrid,adaptive_cycle_plus_hybrid_electric,selected_grid,battery_capacity_Wh=1e+06;cruise_ld=15;hybrid_mass_per_MW_kg=150;max_generator_power_W_total=2e+06;sea_level_static_thrust_N_per_engine=130000;total_electric_power_W=8e+06,-174629.60076759613,-40483.44132134838,True,True,False,True,950085.5040583595,rejected_corrected_low_thrust_margin
V05-0097_hybrid,adaptive_cycle_plus_hybrid_electric,selected_grid,battery_capacity_Wh=1e+06;cruise_ld=15;hybrid_mass_per_MW_kg=400;max_generator_power_W_total=2e+06;sea_level_static_thrust_N_per_engine=130000;total_electric_power_W=8e+06,-180156.51320582523,-41243.725645034305,True,True,False,True,950085.5040583595,rejected_corrected_low_thrust_margin
V05-0098_hybrid,adaptive_cycle_plus_hybrid_electric,selected_grid,battery_capacity_Wh=1e+06;cruise_ld=15;hybrid_mass_per_MW_kg=150;max_generator_power_W_total=6e+06;sea_level_static_thrust_N_per_engine=130000;total_electric_power_W=8e+06,-146159.75334187117,-61521.72016309072,True,True,False,True,0.0,rejected_corrected_low_thrust_margin
V05-0099_hybrid,adaptive_cycle_plus_hybrid_electric,selected_grid,battery_capacity_Wh=1e+06;cruise_ld=15;hybrid_mass_per_MW_kg=400;max_generator_power_W_total=6e+06;sea_level_static_thrust_N_per_engine=130000;total_electric_power_W=8e+06,-151682.47633877795,-64659.84816309075,True,True,False,True,0.0,rejected_corrected_low_thrust_margin
V05-0100_hybrid,adaptive_cycle_plus_hybrid_electric,selected_grid,battery_capacity_Wh=250000;cruise_ld=18;hybrid_mass_per_MW_kg=150;max_generator_power_W_total=2e+06;sea_level_static_thrust_N_per_engine=130000;total_electric_power_W=0,-98690.03222377482,-38874.307203571436,True,True,False,True,0.0,rejected_corrected_low_thrust_margin
V05-0101_hybrid,adaptive_cycle_plus_hybrid_electric,selected_grid,battery_capacity_Wh=250000;cruise_ld=18;hybrid_mass_per_MW_kg=400;max_generator_power_W_total=2e+06;sea_level_static_thrust_N_per_engine=130000;total_electric_power_W=0,-98690.03222377482,-38874.307203571436,True,True,False,True,0.0,rejected_corrected_low_thrust_margin
V05-0102_hybrid,adaptive_cycle_plus_hybrid_electric,selected_grid,battery_capacity_Wh=250000;cruise_ld=18;hybrid_mass_per_MW_kg=150;max_generator_power_W_total=6e+06;sea_level_static_thrust_N_per_engine=130000;total_electric_power_W=0,-98690.03222377482,-38874.307203571436,True,True,False,True,0.0,rejected_corrected_low_thrust_margin
V05-0103_hybrid,adaptive_cycle_plus_hybrid_electric,selected_grid,battery_capacity_Wh=250000;cruise_ld=18;hybrid_mass_per_MW_kg=400;max_generator_power_W_total=6e+06;sea_level_static_thrust_N_per_engine=130000;total_electric_power_W=0,-98690.03222377482,-38874.307203571436,True,True,False,True,0.0,rejected_corrected_low_thrust_margin
V05-0104_hybrid,adaptive_cycle_plus_hybrid_electric,selected_grid,battery_capacity_Wh=1e+06;cruise_ld=18;hybrid_mass_per_MW_kg=150;max_generator_power_W_total=2e+06;sea_level_static_thrust_N_per_engine=130000;total_electric_power_W=0,-106654.32443133049,-39970.02969683195,True,True,False,True,0.0,rejected_corrected_low_thrust_margin
V05-0105_hybrid,adaptive_cycle_plus_hybrid_electric,selected_grid,battery_capacity_Wh=1e+06;cruise_ld=18;hybrid_mass_per_MW_kg=400;max_generator_power_W_total=2e+06;sea_level_static_thrust_N_per_engine=130000;total_electric_power_W=0,-106654.32443133049,-39970.02969683195,True,True,False,True,0.0,rejected_corrected_low_thrust_margin
V05-0106_hybrid,adaptive_cycle_plus_hybrid_electric,selected_grid,battery_capacity_Wh=1e+06;cruise_ld=18;hybrid_mass_per_MW_kg=150;max_generator_power_W_total=6e+06;sea_level_static_thrust_N_per_engine=130000;total_electric_power_W=0,-106654.32443133049,-39970.02969683195,True,True,False,True,0.0,rejected_corrected_low_thrust_margin
V05-0107_hybrid,adaptive_cycle_plus_hybrid_electric,selected_grid,battery_capacity_Wh=1e+06;cruise_ld=18;hybrid_mass_per_MW_kg=400;max_generator_power_W_total=6e+06;sea_level_static_thrust_N_per_engine=130000;total_electric_power_W=0,-106654.32443133049,-39970.02969683195,True,True,False,True,0.0,rejected_corrected_low_thrust_margin
V05-0108_hybrid,adaptive_cycle_plus_hybrid_electric,selected_grid,battery_capacity_Wh=250000;cruise_ld=18;hybrid_mass_per_MW_kg=150;max_generator_power_W_total=2e+06;sea_level_static_thrust_N_per_engine=130000;total_electric_power_W=4e+06,-169797.92017002628,-39109.45489777967,True,True,False,True,149610.959531181,rejected_corrected_low_thrust_margin
V05-0109_hybrid,adaptive_cycle_plus_hybrid_electric,selected_grid,battery_capacity_Wh=250000;cruise_ld=18;hybrid_mass_per_MW_kg=400;max_generator_power_W_total=2e+06;sea_level_static_thrust_N_per_engine=130000;total_electric_power_W=4e+06,-172444.88410327138,-39473.62732765087,True,True,False,True,149610.959531181,rejected_corrected_low_thrust_margin
V05-0110_hybrid,adaptive_cycle_plus_hybrid_electric,selected_grid,battery_capacity_Wh=250000;cruise_ld=18;hybrid_mass_per_MW_kg=150;max_generator_power_W_total=6e+06;sea_level_static_thrust_N_per_engine=130000;total_electric_power_W=4e+06,-166263.54594290478,-39114.28526696434,True,True,False,True,0.0,rejected_corrected_low_thrust_margin
V05-0111_hybrid,adaptive_cycle_plus_hybrid_electric,selected_grid,battery_capacity_Wh=250000;cruise_ld=18;hybrid_mass_per_MW_kg=400;max_generator_power_W_total=6e+06;sea_level_static_thrust_N_per_engine=130000;total_electric_power_W=4e+06,-168910.94515260786,-39478.51739906855,True,True,False,True,0.0,rejected_corrected_low_thrust_margin
V05-0112_hybrid,adaptive_cycle_plus_hybrid_electric,selected_grid,battery_capacity_Wh=1e+06;cruise_ld=18;hybrid_mass_per_MW_kg=150;max_generator_power_W_total=2e+06;sea_level_static_thrust_N_per_engine=130000;total_electric_power_W=4e+06,-171975.74689296624,-40215.39683946098,True,True,False,True,0.0,rejected_corrected_low_thrust_margin
V05-0113_hybrid,adaptive_cycle_plus_hybrid_electric,selected_grid,battery_capacity_Wh=1e+06;cruise_ld=18;hybrid_mass_per_MW_kg=400;max_generator_power_W_total=2e+06;sea_level_static_thrust_N_per_engine=130000;total_electric_power_W=4e+06,-174720.58904093114,-40592.994189773104,True,True,False,True,0.0,rejected_corrected_low_thrust_margin
V05-0114_hybrid,adaptive_cycle_plus_hybrid_electric,selected_grid,battery_capacity_Wh=1e+06;cruise_ld=18;hybrid_mass_per_MW_kg=150;max_generator_power_W_total=6e+06;sea_level_static_thrust_N_per_engine=130000;total_electric_power_W=4e+06,-174303.61986181609,-40220.4063197255,True,True,False,True,0.0,rejected_corrected_low_thrust_margin
V05-0115_hybrid,adaptive_cycle_plus_hybrid_electric,selected_grid,battery_capacity_Wh=1e+06;cruise_ld=18;hybrid_mass_per_MW_kg=400;max_generator_power_W_total=6e+06;sea_level_static_thrust_N_per_engine=130000;total_electric_power_W=4e+06,-177048.89731812847,-40598.06337664385,True,True,False,True,0.0,rejected_corrected_low_thrust_margin
V05-0116_hybrid,adaptive_cycle_plus_hybrid_electric,selected_grid,battery_capacity_Wh=250000;cruise_ld=18;hybrid_mass_per_MW_kg=150;max_generator_power_W_total=2e+06;sea_level_static_thrust_N_per_engine=130000;total_electric_power_W=8e+06,-176121.66107725605,-45262.12825022667,True,True,False,True,1446094.3793569778,rejected_corrected_low_thrust_margin
V05-0117_hybrid,adaptive_cycle_plus_hybrid_electric,selected_grid,battery_capacity_Wh=250000;cruise_ld=18;hybrid_mass_per_MW_kg=400;max_generator_power_W_total=2e+06;sea_level_static_thrust_N_per_engine=130000;total_electric_power_W=8e+06,-181487.23049660982,-47177.918699591755,True,True,False,True,1446094.3793569778,rejected_corrected_low_thrust_margin
V05-0118_hybrid,adaptive_cycle_plus_hybrid_electric,selected_grid,battery_capacity_Wh=250000;cruise_ld=18;hybrid_mass_per_MW_kg=150;max_generator_power_W_total=6e+06;sea_level_static_thrust_N_per_engine=130000;total_electric_power_W=8e+06,-153718.04301910364,-53795.73643678021,True,True,False,True,222248.2108285679,rejected_corrected_low_thrust_margin
V05-0119_hybrid,adaptive_cycle_plus_hybrid_electric,selected_grid,battery_capacity_Wh=250000;cruise_ld=18;hybrid_mass_per_MW_kg=400;max_generator_power_W_total=6e+06;sea_level_static_thrust_N_per_engine=130000;total_electric_power_W=8e+06,-159078.17407160642,-57238.69389613172,True,True,False,True,222248.2108285679,rejected_corrected_low_thrust_margin
V05-0120_hybrid,adaptive_cycle_plus_hybrid_electric,selected_grid,battery_capacity_Wh=1e+06;cruise_ld=18;hybrid_mass_per_MW_kg=150;max_generator_power_W_total=2e+06;sea_level_static_thrust_N_per_engine=130000;total_electric_power_W=8e+06,-174313.09617779276,-40439.90123986044,True,True,False,True,950085.5040583595,rejected_corrected_low_thrust_margin
V05-0121_hybrid,adaptive_cycle_plus_hybrid_electric,selected_grid,battery_capacity_Wh=1e+06;cruise_ld=18;hybrid_mass_per_MW_kg=400;max_generator_power_W_total=2e+06;sea_level_static_thrust_N_per_engine=130000;total_electric_power_W=8e+06,-179874.05236127012,-41204.87145359259,True,True,False,True,950085.5040583595,rejected_corrected_low_thrust_margin
V05-0122_hybrid,adaptive_cycle_plus_hybrid_electric,selected_grid,battery_capacity_Wh=1e+06;cruise_ld=18;hybrid_mass_per_MW_kg=150;max_generator_power_W_total=6e+06;sea_level_static_thrust_N_per_engine=130000;total_electric_power_W=8e+06,-145845.13052463142,-58960.17262580745,True,True,False,True,0.0,rejected_corrected_low_thrust_margin
V05-0123_hybrid,adaptive_cycle_plus_hybrid_electric,selected_grid,battery_capacity_Wh=1e+06;cruise_ld=18;hybrid_mass_per_MW_kg=400;max_generator_power_W_total=6e+06;sea_level_static_thrust_N_per_engine=130000;total_electric_power_W=8e+06,-151400.29129106013,-62403.13008515893,True,True,False,True,0.0,rejected_corrected_low_thrust_margin
V05-0124_hybrid,adaptive_cycle_plus_hybrid_electric,selected_grid,battery_capacity_Wh=250000;cruise_ld=15;hybrid_mass_per_MW_kg=150;max_generator_power_W_total=2e+06;sea_level_static_thrust_N_per_engine=150000;total_electric_power_W=0,-86072.22019250851,-36660.31802543983,True,True,False,True,0.0,rejected_corrected_low_thrust_margin
V05-0125_hybrid,adaptive_cycle_plus_hybrid_electric,selected_grid,battery_capacity_Wh=250000;cruise_ld=15;hybrid_mass_per_MW_kg=400;max_generator_power_W_total=2e+06;sea_level_static_thrust_N_per_engine=150000;total_electric_power_W=0,-86072.22019250851,-36660.31802543983,True,True,False,True,0.0,rejected_corrected_low_thrust_margin
V05-0126_hybrid,adaptive_cycle_plus_hybrid_electric,selected_grid,battery_capacity_Wh=250000;cruise_ld=15;hybrid_mass_per_MW_kg=150;max_generator_power_W_total=6e+06;sea_level_static_thrust_N_per_engine=150000;total_electric_power_W=0,-86072.22019250851,-36660.31802543983,True,True,False,True,0.0,rejected_corrected_low_thrust_margin
V05-0127_hybrid,adaptive_cycle_plus_hybrid_electric,selected_grid,battery_capacity_Wh=250000;cruise_ld=15;hybrid_mass_per_MW_kg=400;max_generator_power_W_total=6e+06;sea_level_static_thrust_N_per_engine=150000;total_electric_power_W=0,-86072.22019250851,-36660.31802543983,True,True,False,True,0.0,rejected_corrected_low_thrust_margin
V05-0128_hybrid,adaptive_cycle_plus_hybrid_electric,selected_grid,battery_capacity_Wh=1e+06;cruise_ld=15;hybrid_mass_per_MW_kg=150;max_generator_power_W_total=2e+06;sea_level_static_thrust_N_per_engine=150000;total_electric_power_W=0,-94075.14942164792,-37761.860436534706,True,True,False,True,0.0,rejected_corrected_low_thrust_margin
V05-0129_hybrid,adaptive_cycle_plus_hybrid_electric,selected_grid,battery_capacity_Wh=1e+06;cruise_ld=15;hybrid_mass_per_MW_kg=400;max_generator_power_W_total=2e+06;sea_level_static_thrust_N_per_engine=150000;total_electric_power_W=0,-94075.14942164792,-37761.860436534706,True,True,False,True,0.0,rejected_corrected_low_thrust_margin
V05-0130_hybrid,adaptive_cycle_plus_hybrid_electric,selected_grid,battery_capacity_Wh=1e+06;cruise_ld=15;hybrid_mass_per_MW_kg=150;max_generator_power_W_total=6e+06;sea_level_static_thrust_N_per_engine=150000;total_electric_power_W=0,-94075.14942164792,-37761.860436534706,True,True,False,True,0.0,rejected_corrected_low_thrust_margin
V05-0131_hybrid,adaptive_cycle_plus_hybrid_electric,selected_grid,battery_capacity_Wh=1e+06;cruise_ld=15;hybrid_mass_per_MW_kg=400;max_generator_power_W_total=6e+06;sea_level_static_thrust_N_per_engine=150000;total_electric_power_W=0,-94075.14942164792,-37761.860436534706,True,True,False,True,0.0,rejected_corrected_low_thrust_margin
V05-0132_hybrid,adaptive_cycle_plus_hybrid_electric,selected_grid,battery_capacity_Wh=250000;cruise_ld=15;hybrid_mass_per_MW_kg=150;max_generator_power_W_total=2e+06;sea_level_static_thrust_N_per_engine=150000;total_electric_power_W=4e+06,-157114.94357858683,-36886.60522917985,True,True,False,True,149610.959531181,rejected_corrected_low_thrust_margin
V05-0133_hybrid,adaptive_cycle_plus_hybrid_electric,selected_grid,battery_capacity_Wh=250000;cruise_ld=15;hybrid_mass_per_MW_kg=400;max_generator_power_W_total=2e+06;sea_level_static_thrust_N_per_engine=150000;total_electric_power_W=4e+06,-159774.5822887512,-37252.69019391297,True,True,False,True,149610.959531181,rejected_corrected_low_thrust_margin
V05-0134_hybrid,adaptive_cycle_plus_hybrid_electric,selected_grid,battery_capacity_Wh=250000;cruise_ld=15;hybrid_mass_per_MW_kg=150;max_generator_power_W_total=6e+06;sea_level_static_thrust_N_per_engine=150000;total_electric_power_W=4e+06,-166922.6140636533,-36891.456825907124,True,True,False,True,0.0,rejected_corrected_low_thrust_margin
V05-0135_hybrid,adaptive_cycle_plus_hybrid_electric,selected_grid,battery_capacity_Wh=250000;cruise_ld=15;hybrid_mass_per_MW_kg=400;max_generator_power_W_total=6e+06;sea_level_static_thrust_N_per_engine=150000;total_electric_power_W=4e+06,-169582.68909375748,-37257.601635987725,True,True,False,True,0.0,rejected_corrected_low_thrust_margin
V05-0136_hybrid,adaptive_cycle_plus_hybrid_electric,selected_grid,battery_capacity_Wh=1e+06;cruise_ld=15;hybrid_mass_per_MW_kg=150;max_generator_power_W_total=2e+06;sea_level_static_thrust_N_per_engine=150000;total_electric_power_W=4e+06,-159331.14158822194,-37998.332376162005,True,True,False,True,0.0,rejected_corrected_low_thrust_margin
V05-0137_hybrid,adaptive_cycle_plus_hybrid_electric,selected_grid,battery_capacity_Wh=1e+06;cruise_ld=15;hybrid_mass_per_MW_kg=400;max_generator_power_W_total=2e+06;sea_level_static_thrust_N_per_engine=150000;total_electric_power_W=4e+06,-162089.00589984292,-38377.88992116378,True,True,False,True,0.0,rejected_corrected_low_thrust_margin
V05-0138_hybrid,adaptive_cycle_plus_hybrid_electric,selected_grid,battery_capacity_Wh=1e+06;cruise_ld=15;hybrid_mass_per_MW_kg=150;max_generator_power_W_total=6e+06;sea_level_static_thrust_N_per_engine=150000;total_electric_power_W=4e+06,-175001.0623983701,-38003.36351312942,True,True,False,True,0.0,rejected_corrected_low_thrust_margin
V05-0139_hybrid,adaptive_cycle_plus_hybrid_electric,selected_grid,battery_capacity_Wh=1e+06;cruise_ld=15;hybrid_mass_per_MW_kg=400;max_generator_power_W_total=6e+06;sea_level_static_thrust_N_per_engine=150000;total_electric_power_W=4e+06,-177759.3630605002,-38382.98090767081,True,True,False,True,0.0,rejected_corrected_low_thrust_margin
V05-0140_hybrid,adaptive_cycle_plus_hybrid_electric,selected_grid,battery_capacity_Wh=250000;cruise_ld=15;hybrid_mass_per_MW_kg=150;max_generator_power_W_total=2e+06;sea_level_static_thrust_N_per_engine=150000;total_electric_power_W=8e+06,-163446.63678186105,-37105.37824610609,True,True,False,True,1446094.3793569778,rejected_corrected_low_thrust_margin
V05-0141_hybrid,adaptive_cycle_plus_hybrid_electric,selected_grid,battery_capacity_Wh=250000;cruise_ld=15;hybrid_mass_per_MW_kg=400;max_generator_power_W_total=2e+06;sea_level_static_thrust_N_per_engine=150000;total_electric_power_W=8e+06,-168837.81857775632,-37847.41051737186,True,True,False,True,1446094.3793569778,rejected_corrected_low_thrust_margin
V05-0142_hybrid,adaptive_cycle_plus_hybrid_electric,selected_grid,battery_capacity_Wh=250000;cruise_ld=15;hybrid_mass_per_MW_kg=150;max_generator_power_W_total=6e+06;sea_level_static_thrust_N_per_engine=150000;total_electric_power_W=8e+06,-154476.8425524574,-37130.60783209562,True,True,False,True,222248.2108285679,rejected_corrected_low_thrust_margin
V05-0143_hybrid,adaptive_cycle_plus_hybrid_electric,selected_grid,battery_capacity_Wh=250000;cruise_ld=15;hybrid_mass_per_MW_kg=400;max_generator_power_W_total=6e+06;sea_level_static_thrust_N_per_engine=150000;total_electric_power_W=8e+06,-159863.92175038133,-37872.07332583989,True,True,False,True,222248.2108285679,rejected_corrected_low_thrust_margin
V05-0144_hybrid,adaptive_cycle_plus_hybrid_electric,selected_grid,battery_capacity_Wh=1e+06;cruise_ld=15;hybrid_mass_per_MW_kg=150;max_generator_power_W_total=2e+06;sea_level_static_thrust_N_per_engine=150000;total_electric_power_W=8e+06,-161677.62559183766,-38224.194088174714,True,True,False,True,950085.5040583595,rejected_corrected_low_thrust_margin
V05-0145_hybrid,adaptive_cycle_plus_hybrid_electric,selected_grid,battery_capacity_Wh=1e+06;cruise_ld=15;hybrid_mass_per_MW_kg=400;max_generator_power_W_total=2e+06;sea_level_static_thrust_N_per_engine=150000;total_electric_power_W=8e+06,-167264.9107126798,-38993.12372113848,True,True,False,True,950085.5040583595,rejected_corrected_low_thrust_margin
V05-0146_hybrid,adaptive_cycle_plus_hybrid_electric,selected_grid,battery_capacity_Wh=1e+06;cruise_ld=15;hybrid_mass_per_MW_kg=150;max_generator_power_W_total=6e+06;sea_level_static_thrust_N_per_engine=150000;total_electric_power_W=8e+06,-146644.50194112476,-38249.51412458736,True,True,False,True,0.0,rejected_corrected_low_thrust_margin
V05-0147_hybrid,adaptive_cycle_plus_hybrid_electric,selected_grid,battery_capacity_Wh=1e+06;cruise_ld=15;hybrid_mass_per_MW_kg=400;max_generator_power_W_total=6e+06;sea_level_static_thrust_N_per_engine=150000;total_electric_power_W=8e+06,-152227.20951300595,-39017.81182583299,True,True,False,True,0.0,rejected_corrected_low_thrust_margin
V05-0148_hybrid,adaptive_cycle_plus_hybrid_electric,selected_grid,battery_capacity_Wh=250000;cruise_ld=18;hybrid_mass_per_MW_kg=150;max_generator_power_W_total=2e+06;sea_level_static_thrust_N_per_engine=150000;total_electric_power_W=0,-85728.65798737266,-36613.02605836527,True,True,False,True,0.0,rejected_corrected_low_thrust_margin
V05-0149_hybrid,adaptive_cycle_plus_hybrid_electric,selected_grid,battery_capacity_Wh=250000;cruise_ld=18;hybrid_mass_per_MW_kg=400;max_generator_power_W_total=2e+06;sea_level_static_thrust_N_per_engine=150000;total_electric_power_W=0,-85728.65798737266,-36613.02605836527,True,True,False,True,0.0,rejected_corrected_low_thrust_margin
V05-0150_hybrid,adaptive_cycle_plus_hybrid_electric,selected_grid,battery_capacity_Wh=250000;cruise_ld=18;hybrid_mass_per_MW_kg=150;max_generator_power_W_total=6e+06;sea_level_static_thrust_N_per_engine=150000;total_electric_power_W=0,-85728.65798737266,-36613.02605836527,True,True,False,True,0.0,rejected_corrected_low_thrust_margin
V05-0151_hybrid,adaptive_cycle_plus_hybrid_electric,selected_grid,battery_capacity_Wh=250000;cruise_ld=18;hybrid_mass_per_MW_kg=400;max_generator_power_W_total=6e+06;sea_level_static_thrust_N_per_engine=150000;total_electric_power_W=0,-85728.65798737266,-36613.02605836527,True,True,False,True,0.0,rejected_corrected_low_thrust_margin
V05-0152_hybrid,adaptive_cycle_plus_hybrid_electric,selected_grid,battery_capacity_Wh=1e+06;cruise_ld=18;hybrid_mass_per_MW_kg=150;max_generator_power_W_total=2e+06;sea_level_static_thrust_N_per_engine=150000;total_electric_power_W=0,-93706.28480879267,-37711.092091571314,True,True,False,True,0.0,rejected_corrected_low_thrust_margin
V05-0153_hybrid,adaptive_cycle_plus_hybrid_electric,selected_grid,battery_capacity_Wh=1e+06;cruise_ld=18;hybrid_mass_per_MW_kg=400;max_generator_power_W_total=2e+06;sea_level_static_thrust_N_per_engine=150000;total_electric_power_W=0,-93706.28480879267,-37711.092091571314,True,True,False,True,0.0,rejected_corrected_low_thrust_margin
V05-0154_hybrid,adaptive_cycle_plus_hybrid_electric,selected_grid,battery_capacity_Wh=1e+06;cruise_ld=18;hybrid_mass_per_MW_kg=150;max_generator_power_W_total=6e+06;sea_level_static_thrust_N_per_engine=150000;total_electric_power_W=0,-93706.28480879267,-37711.092091571314,True,True,False,True,0.0,rejected_corrected_low_thrust_margin
V05-0155_hybrid,adaptive_cycle_plus_hybrid_electric,selected_grid,battery_capacity_Wh=1e+06;cruise_ld=18;hybrid_mass_per_MW_kg=400;max_generator_power_W_total=6e+06;sea_level_static_thrust_N_per_engine=150000;total_electric_power_W=0,-93706.28480879267,-37711.092091571314,True,True,False,True,0.0,rejected_corrected_low_thrust_margin
V05-0156_hybrid,adaptive_cycle_plus_hybrid_electric,selected_grid,battery_capacity_Wh=250000;cruise_ld=18;hybrid_mass_per_MW_kg=150;max_generator_power_W_total=2e+06;sea_level_static_thrust_N_per_engine=150000;total_electric_power_W=4e+06,-156758.43226066875,-36837.53214706094,True,True,False,True,149610.959531181,rejected_corrected_low_thrust_margin
V05-0157_hybrid,adaptive_cycle_plus_hybrid_electric,selected_grid,battery_capacity_Wh=250000;cruise_ld=18;hybrid_mass_per_MW_kg=400;max_generator_power_W_total=2e+06;sea_level_static_thrust_N_per_engine=150000;total_electric_power_W=4e+06,-159409.52543924047,-37202.44301799693,True,True,False,True,149610.959531181,rejected_corrected_low_thrust_margin
V05-0158_hybrid,adaptive_cycle_plus_hybrid_electric,selected_grid,battery_capacity_Wh=250000;cruise_ld=18;hybrid_mass_per_MW_kg=150;max_generator_power_W_total=6e+06;sea_level_static_thrust_N_per_engine=150000;total_electric_power_W=4e+06,-166566.01277470117,-36842.371388225736,True,True,False,True,0.0,rejected_corrected_low_thrust_margin
V05-0159_hybrid,adaptive_cycle_plus_hybrid_electric,selected_grid,battery_capacity_Wh=250000;cruise_ld=18;hybrid_mass_per_MW_kg=400;max_generator_power_W_total=6e+06;sea_level_static_thrust_N_per_engine=150000;total_electric_power_W=4e+06,-169217.54126961643,-37207.341966883876,True,True,False,True,0.0,rejected_corrected_low_thrust_margin
V05-0160_hybrid,adaptive_cycle_plus_hybrid_electric,selected_grid,battery_capacity_Wh=1e+06;cruise_ld=18;hybrid_mass_per_MW_kg=150;max_generator_power_W_total=2e+06;sea_level_static_thrust_N_per_engine=150000;total_electric_power_W=4e+06,-158948.6913866143,-37945.69555148087,True,True,False,True,0.0,rejected_corrected_low_thrust_margin
V05-0161_hybrid,adaptive_cycle_plus_hybrid_electric,selected_grid,battery_capacity_Wh=1e+06;cruise_ld=18;hybrid_mass_per_MW_kg=400;max_generator_power_W_total=2e+06;sea_level_static_thrust_N_per_engine=150000;total_electric_power_W=4e+06,-161697.707909434,-38324.037545867795,True,True,False,True,0.0,rejected_corrected_low_thrust_margin
V05-0162_hybrid,adaptive_cycle_plus_hybrid_electric,selected_grid,battery_capacity_Wh=1e+06;cruise_ld=18;hybrid_mass_per_MW_kg=150;max_generator_power_W_total=6e+06;sea_level_static_thrust_N_per_engine=150000;total_electric_power_W=4e+06,-174618.51921950647,-37950.71392063635,True,True,False,True,0.0,rejected_corrected_low_thrust_margin
V05-0163_hybrid,adaptive_cycle_plus_hybrid_electric,selected_grid,battery_capacity_Wh=1e+06;cruise_ld=18;hybrid_mass_per_MW_kg=400;max_generator_power_W_total=6e+06;sea_level_static_thrust_N_per_engine=150000;total_electric_power_W=4e+06,-177367.97109381598,-38329.11562756548,True,True,False,True,0.0,rejected_corrected_low_thrust_margin
V05-0164_hybrid,adaptive_cycle_plus_hybrid_electric,selected_grid,battery_capacity_Wh=250000;cruise_ld=18;hybrid_mass_per_MW_kg=150;max_generator_power_W_total=2e+06;sea_level_static_thrust_N_per_engine=150000;total_electric_power_W=8e+06,-163085.0576771328,-37055.608894109864,True,True,False,True,1446094.3793569778,rejected_corrected_low_thrust_margin
V05-0165_hybrid,adaptive_cycle_plus_hybrid_electric,selected_grid,battery_capacity_Wh=250000;cruise_ld=18;hybrid_mass_per_MW_kg=400;max_generator_power_W_total=2e+06;sea_level_static_thrust_N_per_engine=150000;total_electric_power_W=8e+06,-168458.92832426686,-37795.26279156832,True,True,False,True,1446094.3793569778,rejected_corrected_low_thrust_margin
V05-0166_hybrid,adaptive_cycle_plus_hybrid_electric,selected_grid,battery_capacity_Wh=250000;cruise_ld=18;hybrid_mass_per_MW_kg=150;max_generator_power_W_total=6e+06;sea_level_static_thrust_N_per_engine=150000;total_electric_power_W=8e+06,-154123.42934380195,-37081.962618573816,True,True,False,True,222248.2108285679,rejected_corrected_low_thrust_margin
V05-0167_hybrid,adaptive_cycle_plus_hybrid_electric,selected_grid,battery_capacity_Wh=250000;cruise_ld=18;hybrid_mass_per_MW_kg=400;max_generator_power_W_total=6e+06;sea_level_static_thrust_N_per_engine=150000;total_electric_power_W=8e+06,-159493.50517412004,-37821.09199744441,True,True,False,True,222248.2108285679,rejected_corrected_low_thrust_margin
V05-0168_hybrid,adaptive_cycle_plus_hybrid_electric,selected_grid,battery_capacity_Wh=1e+06;cruise_ld=18;hybrid_mass_per_MW_kg=150;max_generator_power_W_total=2e+06;sea_level_static_thrust_N_per_engine=150000;total_electric_power_W=8e+06,-161290.0613742171,-38170.85471009113,True,True,False,True,950085.5040583595,rejected_corrected_low_thrust_margin
V05-0169_hybrid,adaptive_cycle_plus_hybrid_electric,selected_grid,battery_capacity_Wh=1e+06;cruise_ld=18;hybrid_mass_per_MW_kg=400;max_generator_power_W_total=2e+06;sea_level_static_thrust_N_per_engine=150000;total_electric_power_W=8e+06,-166859.43519773084,-38937.32365480883,True,True,False,True,950085.5040583595,rejected_corrected_low_thrust_margin
V05-0170_hybrid,adaptive_cycle_plus_hybrid_electric,selected_grid,battery_capacity_Wh=1e+06;cruise_ld=18;hybrid_mass_per_MW_kg=150;max_generator_power_W_total=6e+06;sea_level_static_thrust_N_per_engine=150000;total_electric_power_W=8e+06,-146265.43401605278,-38197.34421084049,True,True,False,True,0.0,rejected_corrected_low_thrust_margin
V05-0171_hybrid,adaptive_cycle_plus_hybrid_electric,selected_grid,battery_capacity_Wh=1e+06;cruise_ld=18;hybrid_mass_per_MW_kg=400;max_generator_power_W_total=6e+06;sea_level_static_thrust_N_per_engine=150000;total_electric_power_W=8e+06,-151830.53956029686,-38963.223685554236,True,True,False,True,0.0,rejected_corrected_low_thrust_margin
